task,dataset,searcher,budget,B,val_loss,test_loss,gen_gap,winner_stability,eps_coverage,selection_entropy,mean_winner_dist,seed,run_id,elapsed,original_winner
mlp,wine,successive_halving,40,30,0.023255813953488413,0.0,-0.023255813953488413,0.23333333333333334,1.0,0.9714185391640048,0.27055550036529397,999,mlp__wine__successive_halving__b40__s999,21.5,
xgboost,digits,successive_halving,20,25,0.04861111111111116,0.05833333333333335,0.009722222222222188,0.0,1.0,0.8606199195737619,0.3261517647359103,42,xgboost__digits__successive_halving__b20__s42,31.5,
xgboost,breast_cancer,successive_halving,20,40,0.007299270072992692,0.02631578947368418,0.01901651940069149,0.0,0.125,0.9566937912793423,0.39172930290559727,123,xgboost__breast_cancer__successive_halving__b20__s123,15.4,
mlp,digits,random_search,40,25,0.01388888888888884,0.025000000000000022,0.011111111111111183,0.04,0.72,0.8194410470526617,0.2972675036462387,999,mlp__digits__random_search__b40__s999,201.0,
mlp,digits,successive_halving,20,25,0.01851851851851849,0.033333333333333326,0.014814814814814836,0.08,0.8,0.9653795646262966,0.28847426191713077,999,mlp__digits__successive_halving__b20__s999,68.7,
svm_rbf,digits,bayesian_opt,20,60,0.01620370370370372,0.025000000000000022,0.008796296296296302,0.23333333333333334,0.9333333333333333,0.9486724232297956,0.16277247138289078,42,svm_rbf__digits__bayesian_opt__b20__s42,56.6,"{'C': 417.2635627728717, 'gamma': 0.02316099063820369}"
svm_rbf,wine,successive_halving,20,80,0.023255813953488413,0.0,-0.023255813953488413,0.0375,0.925,0.9353342134008277,0.22805103236036764,123,svm_rbf__wine__successive_halving__b20__s123,2.0,"{'C': 28.10621171965821, 'gamma': 0.14115654600216723}"
xgboost,digits,random_search,40,25,0.02546296296296291,0.02777777777777779,0.0023148148148148806,0.0,0.72,0.9396936940957176,0.33774424781276274,999,xgboost__digits__random_search__b40__s999,93.8,
xgboost,wine,bayesian_opt,20,40,0.0,0.02777777777777779,0.02777777777777779,0.0,0.9,0.9208048615657559,0.39856554214796347,123,xgboost__wine__bayesian_opt__b20__s123,12.3,
mlp,breast_cancer,successive_halving,40,30,0.007299270072992692,0.052631578947368474,0.04533230887437578,0.0,0.7,0.9809464023464664,0.4072289836671633,42,mlp__breast_cancer__successive_halving__b40__s42,60.7,
mlp,digits,bayesian_opt,20,25,0.02083333333333337,0.033333333333333326,0.012499999999999956,0.16,0.96,0.9808252962010852,0.3326941826122512,42,mlp__digits__bayesian_opt__b20__s42,106.1,
svm_rbf,breast_cancer,random_search,40,100,0.0,0.03508771929824561,0.03508771929824561,0.19,0.16,0.9350468142400494,0.18696561523898061,123,svm_rbf__breast_cancer__random_search__b40__s123,21.0,"{'C': 474.98569036023895, 'gamma': 0.015018632860307682}"
mlp,breast_cancer,random_search,40,50,0.007299270072992692,0.01754385964912286,0.01024458957613017,0.02,0.78,0.9614680788894916,0.41093091687321315,999,mlp__breast_cancer__random_search__b40__s999,116.8,
svm_rbf,digits,random_search,40,60,0.01620370370370372,0.022222222222222254,0.006018518518518534,0.4,0.95,0.8740875420558509,0.12840049397883316,123,svm_rbf__digits__random_search__b40__s123,139.0,"{'C': 346.7927328813697, 'gamma': 0.0024147489671773473}"
svm_rbf,breast_cancer,random_search,20,100,0.029197080291970767,0.03508771929824561,0.005890639006274845,0.26,0.99,0.9223302730046374,0.14272305369209415,42,svm_rbf__breast_cancer__random_search__b20__s42,10.5,"{'C': 44.02874346669272, 'gamma': 0.015645599135697307}"
svm_rbf,breast_cancer,successive_halving,40,100,0.007299270072992692,0.052631578947368474,0.04533230887437578,0.27,0.44,0.9093684110823779,0.1501112919580452,123,svm_rbf__breast_cancer__successive_halving__b40__s123,18.5,"{'C': 62.33769958822177, 'gamma': 0.03897850556528281}"
mlp,breast_cancer,random_search,40,50,0.0,0.04385964912280704,0.04385964912280704,0.0,0.38,0.974067932077344,0.44866478619903133,42,mlp__breast_cancer__random_search__b40__s42,155.8,
mlp,digits,successive_halving,40,25,0.02546296296296291,0.036111111111111094,0.010648148148148184,0.04,1.0,0.9745455500297384,0.38711237387821096,42,mlp__digits__successive_halving__b40__s42,204.1,
mlp,wine,bayesian_opt,40,30,0.0,0.0,0.0,0.0,0.8,0.9222072322337741,0.29835373366009627,999,mlp__wine__bayesian_opt__b40__s999,24.0,
svm_rbf,digits,successive_halving,20,60,0.01388888888888884,0.019444444444444486,0.005555555555555647,0.18333333333333332,0.6166666666666667,0.8762689681533242,0.16439848895449113,999,svm_rbf__digits__successive_halving__b20__s999,36.8,"{'C': 47.09232206276549, 'gamma': 0.0007265126056902575}"
mlp,breast_cancer,random_search,20,50,0.0,0.02631578947368418,0.02631578947368418,0.02,0.28,0.9350354807106194,0.3478537101224323,123,mlp__breast_cancer__random_search__b20__s123,124.3,
xgboost,wine,random_search,40,40,0.0,0.02777777777777779,0.02777777777777779,0.025,0.875,0.9395436121948134,0.4043608453035585,123,xgboost__wine__random_search__b40__s123,23.4,
xgboost,breast_cancer,successive_halving,20,40,0.021897810218978075,0.04385964912280704,0.021961838903828967,0.025,0.9,0.9419054363627515,0.34072941251308475,42,xgboost__breast_cancer__successive_halving__b20__s42,14.9,
mlp,breast_cancer,successive_halving,40,30,0.007299270072992692,0.02631578947368418,0.01901651940069149,0.0,0.6,0.9740853231175151,0.4221060895917394,999,mlp__breast_cancer__successive_halving__b40__s999,57.6,
xgboost,digits,random_search,40,25,0.04166666666666663,0.02777777777777779,-0.01388888888888884,0.0,1.0,0.9548163081079344,0.3781512289192783,123,xgboost__digits__random_search__b40__s123,88.0,
svm_rbf,digits,successive_halving,40,60,0.01388888888888884,0.019444444444444486,0.005555555555555647,0.16666666666666666,0.85,0.8427407163444535,0.15976914332823336,999,svm_rbf__digits__successive_halving__b40__s999,120.0,"{'C': 47.09232206276549, 'gamma': 0.0007265126056902575}"
xgboost,breast_cancer,bayesian_opt,40,40,0.007299270072992692,0.04385964912280704,0.03656037904981435,0.025,0.6,0.9578747033633113,0.34640445208200343,42,xgboost__breast_cancer__bayesian_opt__b40__s42,43.3,
mlp,breast_cancer,bayesian_opt,20,30,0.007299270072992692,0.03508771929824561,0.02778844922525292,0.03333333333333333,0.6333333333333333,0.9358940070364283,0.4715356019545091,999,mlp__breast_cancer__bayesian_opt__b20__s999,28.8,
mlp,wine,bayesian_opt,20,30,0.0,0.05555555555555558,0.05555555555555558,0.0,0.8,0.9546166331603012,0.39352886000946313,42,mlp__wine__bayesian_opt__b20__s42,12.1,
xgboost,breast_cancer,successive_halving,40,40,0.007299270072992692,0.02631578947368418,0.01901651940069149,0.0,0.55,0.8932211610315294,0.42095792087715617,123,xgboost__breast_cancer__successive_halving__b40__s123,48.0,
mlp,wine,random_search,20,30,0.023255813953488413,0.0,-0.023255813953488413,0.0,1.0,0.9164253170792144,0.2876848865914718,123,mlp__wine__random_search__b20__s123,11.1,
svm_rbf,wine,bayesian_opt,20,80,0.0,0.0,0.0,0.1375,0.8375,0.9656406085418907,0.2115320241032495,123,svm_rbf__wine__bayesian_opt__b20__s123,4.5,"{'C': 14.469495392172318, 'gamma': 0.0007100015685048694}"
svm_rbf,digits,random_search,40,80,0.01620370370370372,0.022222222222222254,0.006018518518518534,0.425,0.9,0.908018672178845,0.13034461913243173,42,svm_rbf__digits__random_search__b40__s42,177.6,"{'C': 44.02874346669272, 'gamma': 0.015645599135697307}"
xgboost,breast_cancer,successive_halving,20,40,0.007299270072992692,0.02631578947368418,0.01901651940069149,0.05,0.425,0.964321735828525,0.2822838816355057,999,xgboost__breast_cancer__successive_halving__b20__s999,15.2,
svm_rbf,digits,random_search,20,80,0.01620370370370372,0.022222222222222254,0.006018518518518534,0.3125,0.875,0.926349914618973,0.16089215944689186,123,svm_rbf__digits__random_search__b20__s123,100.9,"{'C': 346.7927328813697, 'gamma': 0.0024147489671773473}"
mlp,breast_cancer,successive_halving,20,30,0.007299270072992692,0.052631578947368474,0.04533230887437578,0.0,0.6666666666666666,0.943836379051161,0.4348596022788264,42,mlp__breast_cancer__successive_halving__b20__s42,19.5,
svm_rbf,breast_cancer,random_search,20,100,0.007299270072992692,0.052631578947368474,0.04533230887437578,0.21,0.37,0.9607760299490627,0.16705215408439003,123,svm_rbf__breast_cancer__random_search__b20__s123,10.4,"{'C': 62.33769958822177, 'gamma': 0.03897850556528281}"
svm_rbf,wine,successive_halving,40,80,0.0,0.0,0.0,0.1,0.7875,0.974547207506223,0.2328111202883391,999,svm_rbf__wine__successive_halving__b40__s999,6.1,"{'C': 47.09232206276549, 'gamma': 0.0007265126056902575}"
xgboost,digits,random_search,40,25,0.04166666666666663,0.07777777777777772,0.036111111111111094,0.0,0.96,0.9632614446606551,0.3979135167993347,42,xgboost__digits__random_search__b40__s42,100.7,
xgboost,breast_cancer,successive_halving,40,40,0.014598540145985384,0.052631578947368474,0.03803303880138309,0.025,0.625,0.9074758706561091,0.30665731259421425,42,xgboost__breast_cancer__successive_halving__b40__s42,45.6,
svm_rbf,digits,bayesian_opt,40,60,0.01157407407407407,0.025000000000000022,0.013425925925925952,0.16666666666666666,0.8666666666666667,0.9610366957060872,0.19908593135842828,42,svm_rbf__digits__bayesian_opt__b40__s42,101.8,"{'C': 4.0538947363076785, 'gamma': 0.0180972464490334}"
svm_rbf,breast_cancer,successive_halving,20,100,0.029197080291970767,0.03508771929824561,0.005890639006274845,0.24,0.94,0.9492707620198237,0.15988077866054196,42,svm_rbf__breast_cancer__successive_halving__b20__s42,6.2,"{'C': 44.02874346669272, 'gamma': 0.015645599135697307}"
mlp,breast_cancer,bayesian_opt,20,30,0.0,0.03508771929824561,0.03508771929824561,0.0,0.36666666666666664,0.8198837822608943,0.2823306151251964,123,mlp__breast_cancer__bayesian_opt__b20__s123,30.4,
mlp,digits,successive_halving,40,25,0.01388888888888884,0.025000000000000022,0.011111111111111183,0.08,0.8,0.8824672814612072,0.2884855927437367,999,mlp__digits__successive_halving__b40__s999,202.2,
xgboost,wine,random_search,20,40,0.0,0.05555555555555558,0.05555555555555558,0.025,0.725,0.9577398907785025,0.40729290603664403,999,xgboost__wine__random_search__b20__s999,11.8,
svm_rbf,digits,bayesian_opt,40,60,0.0092592592592593,0.02777777777777779,0.01851851851851849,0.13333333333333333,0.6,0.9242592079998477,0.22183802103316944,999,svm_rbf__digits__bayesian_opt__b40__s999,102.7,"{'C': 2.777910125166018, 'gamma': 0.0017445916022933007}"
svm_rbf,digits,random_search,40,60,0.01388888888888884,0.019444444444444486,0.005555555555555647,0.15,0.8166666666666667,0.8687832536779714,0.15915948828128298,999,svm_rbf__digits__random_search__b40__s999,147.5,"{'C': 47.09232206276549, 'gamma': 0.0007265126056902575}"
svm_rbf,digits,bayesian_opt,40,60,0.01620370370370372,0.019444444444444486,0.0032407407407407662,0.4166666666666667,0.95,0.9197661459574795,0.1261331593489975,123,svm_rbf__digits__bayesian_opt__b40__s123,106.5,"{'C': 94.88541287463708, 'gamma': 0.008140558434489267}"
svm_rbf,breast_cancer,random_search,40,100,0.021897810218978075,0.03508771929824561,0.013189909079267537,0.2,0.95,0.9783048958944852,0.2019647572824813,42,svm_rbf__breast_cancer__random_search__b40__s42,20.7,"{'C': 6.431465139967162, 'gamma': 0.05859991732374347}"
mlp,wine,random_search,40,30,0.023255813953488413,0.0,-0.023255813953488413,0.1,1.0,0.9714185391640048,0.33320537310324494,123,mlp__wine__random_search__b40__s123,22.7,
xgboost,wine,bayesian_opt,20,40,0.0,0.0,0.0,0.0,0.75,0.9896999154753314,0.30938043502835644,42,xgboost__wine__bayesian_opt__b20__s42,12.7,
svm_rbf,digits,random_search,20,80,0.01620370370370372,0.022222222222222254,0.006018518518518534,0.325,0.9375,0.8898272374382888,0.1343287291405007,42,svm_rbf__digits__random_search__b20__s42,97.9,"{'C': 44.02874346669272, 'gamma': 0.015645599135697307}"
svm_rbf,breast_cancer,bayesian_opt,20,100,0.007299270072992692,0.01754385964912286,0.01024458957613017,0.06,0.49,0.8814991290101263,0.2020858599134524,999,svm_rbf__breast_cancer__bayesian_opt__b20__s999,11.0,"{'C': 12.778338459352158, 'gamma': 0.0008365826958585285}"
svm_rbf,digits,successive_halving,40,60,0.01620370370370372,0.022222222222222254,0.006018518518518534,0.38333333333333336,0.9166666666666666,0.8761531338865732,0.13536790362830728,123,svm_rbf__digits__successive_halving__b40__s123,127.1,"{'C': 346.7927328813697, 'gamma': 0.0024147489671773473}"
mlp,wine,random_search,40,30,0.023255813953488413,0.0,-0.023255813953488413,0.0,1.0,0.9593172555290794,0.3383954780813217,999,mlp__wine__random_search__b40__s999,22.6,
xgboost,wine,successive_halving,40,40,0.0,0.0,0.0,0.0,0.7,0.9539229319910651,0.28836700972996276,42,xgboost__wine__successive_halving__b40__s42,22.6,
xgboost,digits,successive_halving,20,25,0.02546296296296291,0.02777777777777779,0.0023148148148148806,0.0,0.64,0.903519180772354,0.3269703125531946,999,xgboost__digits__successive_halving__b20__s999,29.2,
xgboost,digits,bayesian_opt,20,25,0.02777777777777779,0.019444444444444486,-0.008333333333333304,0.0,0.8,0.961816903130002,0.3072382025111026,999,xgboost__digits__bayesian_opt__b20__s999,44.1,
svm_rbf,wine,successive_halving,40,80,0.0,0.0,0.0,0.2125,0.8375,0.9533682539462356,0.2244217672937628,123,svm_rbf__wine__successive_halving__b40__s123,6.1,"{'C': 0.9699153017673735, 'gamma': 0.0819640110272004}"
mlp,breast_cancer,random_search,20,50,0.0,0.02631578947368418,0.02631578947368418,0.02,0.44,0.9732312764758485,0.405007128698988,42,mlp__breast_cancer__random_search__b20__s42,120.2,
svm_rbf,wine,successive_halving,20,80,0.023255813953488413,0.0,-0.023255813953488413,0.1875,0.9375,0.9652960192250497,0.17947482848401605,42,svm_rbf__wine__successive_halving__b20__s42,2.0,"{'C': 44.02874346669272, 'gamma': 0.015645599135697307}"
mlp,wine,successive_halving,20,30,0.046511627906976716,0.0,-0.046511627906976716,0.06666666666666667,1.0,0.9346062324545017,0.38023373891702306,999,mlp__wine__successive_halving__b20__s999,7.1,
xgboost,wine,successive_halving,40,40,0.0,0.02777777777777779,0.02777777777777779,0.0,0.825,0.9546217073169514,0.3955592074463928,123,xgboost__wine__successive_halving__b40__s123,22.6,
xgboost,breast_cancer,bayesian_opt,40,40,0.0,0.00877192982456143,0.00877192982456143,0.05,0.275,0.962093348585616,0.303420123356139,123,xgboost__breast_cancer__bayesian_opt__b40__s123,44.5,
mlp,digits,bayesian_opt,40,25,0.02314814814814814,0.011111111111111072,-0.012037037037037068,0.12,0.96,0.9358079150368515,0.2437257154129415,123,mlp__digits__bayesian_opt__b40__s123,215.8,
mlp,digits,random_search,20,30,0.01851851851851849,0.033333333333333326,0.014814814814814836,0.0,0.9,0.9630632035569814,0.30476550447910294,999,mlp__digits__random_search__b20__s999,108.1,
xgboost,breast_cancer,random_search,40,30,0.007299270072992692,0.00877192982456143,0.001472659751568739,0.03333333333333333,0.43333333333333335,0.9714185391640048,0.36421374953805336,123,xgboost__breast_cancer__random_search__b40__s123,67.7,
xgboost,wine,successive_halving,40,40,0.0,0.02777777777777779,0.02777777777777779,0.05,0.75,0.9600802242507314,0.3849886534606856,999,xgboost__wine__successive_halving__b40__s999,22.3,
svm_rbf,digits,bayesian_opt,20,60,0.01157407407407407,0.02777777777777779,0.01620370370370372,0.13333333333333333,0.7166666666666667,0.9755487916117341,0.19808868566401608,999,svm_rbf__digits__bayesian_opt__b20__s999,60.3,"{'C': 4.29843211819968, 'gamma': 0.0013891440810007672}"
xgboost,digits,successive_halving,20,25,0.05555555555555558,0.030555555555555558,-0.025000000000000022,0.04,1.0,0.9063581495887166,0.35704579143194826,123,xgboost__digits__successive_halving__b20__s123,27.1,
svm_rbf,wine,random_search,20,100,0.0,0.0,0.0,0.15,0.78,0.9924599153278918,0.21943008562683822,999,svm_rbf__wine__random_search__b20__s999,3.9,"{'C': 47.09232206276549, 'gamma': 0.0007265126056902575}"
svm_rbf,digits,successive_halving,40,60,0.01620370370370372,0.022222222222222254,0.006018518518518534,0.31666666666666665,0.95,0.9184535893966466,0.13453152130250218,42,svm_rbf__digits__successive_halving__b40__s42,118.8,"{'C': 44.02874346669272, 'gamma': 0.015645599135697307}"
mlp,digits,random_search,40,25,0.02546296296296291,0.036111111111111094,0.010648148148148184,0.12,1.0,0.9632614446606551,0.3175361048082213,42,mlp__digits__random_search__b40__s42,193.8,
svm_rbf,wine,successive_halving,40,80,0.0,0.02777777777777779,0.02777777777777779,0.1125,0.925,0.978954979047811,0.23050583683295622,42,svm_rbf__wine__successive_halving__b40__s42,6.1,"{'C': 92.42448343433196, 'gamma': 0.1439865731152542}"
svm_rbf,wine,bayesian_opt,40,80,0.0,0.0,0.0,0.1375,0.85,0.9681260249119332,0.21027330054344762,123,svm_rbf__wine__bayesian_opt__b40__s123,9.6,"{'C': 14.469495392172318, 'gamma': 0.0007100015685048694}"
svm_rbf,breast_cancer,random_search,40,100,0.014598540145985384,0.03508771929824561,0.02048917915226023,0.18,0.82,0.9357134500114079,0.18172500237498534,999,svm_rbf__breast_cancer__random_search__b40__s999,20.6,"{'C': 47.09232206276549, 'gamma': 0.0007265126056902575}"
svm_rbf,wine,bayesian_opt,40,80,0.0,0.02777777777777779,0.02777777777777779,0.2,0.875,0.9721141994195678,0.23486023561752795,999,svm_rbf__wine__bayesian_opt__b40__s999,9.7,"{'C': 0.5742579488638057, 'gamma': 0.06702826673589929}"
svm_rbf,breast_cancer,successive_halving,20,100,0.014598540145985384,0.01754385964912286,0.002945319503137478,0.25,0.47,0.9298835658025922,0.1811823929787521,123,svm_rbf__breast_cancer__successive_halving__b20__s123,6.1,"{'C': 88.19613967651799, 'gamma': 0.0011716956481064417}"
xgboost,digits,random_search,20,40,0.04166666666666663,0.06944444444444442,0.02777777777777779,0.0,1.0,0.8691170914791951,0.4535038262984349,42,xgboost__digits__random_search__b20__s42,124.0,
mlp,digits,successive_halving,20,25,0.03472222222222221,0.036111111111111094,0.001388888888888884,0.04,1.0,0.9470920204059348,0.2307565786601122,123,mlp__digits__successive_halving__b20__s123,67.1,
mlp,digits,bayesian_opt,20,25,0.01388888888888884,0.025000000000000022,0.011111111111111183,0.16,0.6,0.8880734491975656,0.20881898782889874,999,mlp__digits__bayesian_opt__b20__s999,112.1,
svm_rbf,breast_cancer,bayesian_opt,20,100,0.021897810218978075,0.02631578947368418,0.004417979254706106,0.19,0.97,0.8645200561569018,0.1900508859726959,42,svm_rbf__breast_cancer__bayesian_opt__b20__s42,11.0,"{'C': 601.4788433099958, 'gamma': 0.0011732356609382207}"
svm_rbf,digits,successive_halving,20,60,0.01620370370370372,0.022222222222222254,0.006018518518518534,0.15,0.85,0.856463741711181,0.18411457840677542,123,svm_rbf__digits__successive_halving__b20__s123,38.1,"{'C': 346.7927328813697, 'gamma': 0.0024147489671773473}"
xgboost,breast_cancer,bayesian_opt,20,30,0.007299270072992692,0.03508771929824561,0.02778844922525292,0.03333333333333333,0.43333333333333335,0.9164253170792144,0.2386599784582799,42,xgboost__breast_cancer__bayesian_opt__b20__s42,30.3,
mlp,digits,bayesian_opt,20,25,0.03009259259259256,0.022222222222222254,-0.007870370370370305,0.08,0.96,1.0000000000000002,0.21846671068935994,123,mlp__digits__bayesian_opt__b20__s123,100.0,
mlp,wine,random_search,40,30,0.0,0.02777777777777779,0.02777777777777779,0.0,0.8333333333333334,0.9243323054386987,0.3683612490473877,42,mlp__wine__random_search__b40__s42,22.4,
xgboost,breast_cancer,bayesian_opt,40,40,0.007299270072992692,0.01754385964912286,0.01024458957613017,0.05,0.6,0.9432211610315295,0.36197117839195964,999,xgboost__breast_cancer__bayesian_opt__b40__s999,42.0,
mlp,wine,bayesian_opt,40,30,0.0,0.05555555555555558,0.05555555555555558,0.0,0.8333333333333334,0.9546166331603012,0.3919574849414215,42,mlp__wine__bayesian_opt__b40__s42,22.9,
mlp,digits,successive_halving,20,25,0.02777777777777779,0.022222222222222254,-0.005555555555555536,0.0,0.96,0.9653795646262966,0.4353184460719085,42,mlp__digits__successive_halving__b20__s42,63.3,
xgboost,wine,bayesian_opt,40,40,0.0,0.02777777777777779,0.02777777777777779,0.05,0.875,0.9398347280601401,0.2838587505747522,999,xgboost__wine__bayesian_opt__b40__s999,23.7,
mlp,wine,bayesian_opt,40,30,0.0,0.02777777777777779,0.02777777777777779,0.06666666666666667,0.9333333333333333,0.9383521804824037,0.23618176077920872,123,mlp__wine__bayesian_opt__b40__s123,23.9,
xgboost,digits,successive_halving,40,25,0.02546296296296291,0.02777777777777779,0.0023148148148148806,0.0,0.76,0.9745455500297382,0.35321721505163206,999,xgboost__digits__successive_halving__b40__s999,91.9,
xgboost,digits,random_search,20,40,0.04166666666666663,0.025000000000000022,-0.016666666666666607,0.05,1.0,0.9896999154753314,0.30714994160001674,123,xgboost__digits__random_search__b20__s123,128.0,
svm_rbf,breast_cancer,bayesian_opt,40,100,0.021897810218978075,0.02631578947368418,0.004417979254706106,0.21,0.99,0.9125469433686147,0.18749768423881005,42,svm_rbf__breast_cancer__bayesian_opt__b40__s42,21.5,"{'C': 601.4788433099958, 'gamma': 0.0011732356609382207}"
mlp,wine,successive_halving,20,30,0.023255813953488413,0.0,-0.023255813953488413,0.0,0.9333333333333333,0.9193339664841182,0.3626055624211355,123,mlp__wine__successive_halving__b20__s123,7.3,
xgboost,digits,bayesian_opt,40,25,0.03935185185185186,0.022222222222222254,-0.017129629629629606,0.08,1.0,0.9463711715552137,0.29239051169216984,123,xgboost__digits__bayesian_opt__b40__s123,90.1,
xgboost,wine,successive_halving,20,40,0.023255813953488413,0.02777777777777779,0.004521963824289377,0.025,0.875,0.9791087150853363,0.3521366461270444,999,xgboost__wine__successive_halving__b20__s999,7.3,
mlp,breast_cancer,bayesian_opt,40,30,0.007299270072992692,0.03508771929824561,0.02778844922525292,0.03333333333333333,0.7333333333333333,0.9385607909899386,0.46919567636583676,999,mlp__breast_cancer__bayesian_opt__b40__s999,56.5,
svm_rbf,wine,random_search,40,100,0.0,0.02777777777777779,0.02777777777777779,0.17,0.85,0.9885354204702325,0.21693859961894188,42,svm_rbf__wine__random_search__b40__s42,7.8,"{'C': 92.42448343433196, 'gamma': 0.1439865731152542}"
svm_rbf,digits,bayesian_opt,20,60,0.01620370370370372,0.019444444444444486,0.0032407407407407662,0.4,0.9166666666666666,0.9002495035463158,0.1259390411534998,123,svm_rbf__digits__bayesian_opt__b20__s123,61.5,"{'C': 94.88541287463708, 'gamma': 0.008140558434489267}"
xgboost,breast_cancer,random_search,20,50,0.0,0.02631578947368418,0.02631578947368418,0.04,0.2,0.9142176342051336,0.4192299588611069,999,xgboost__breast_cancer__random_search__b20__s999,54.6,
svm_rbf,wine,random_search,20,100,0.0,0.02777777777777779,0.02777777777777779,0.1,0.91,0.9634320667809975,0.22550185445086687,42,svm_rbf__wine__random_search__b20__s42,3.9,"{'C': 92.42448343433196, 'gamma': 0.1439865731152542}"
xgboost,digits,successive_halving,40,25,0.04629629629629628,0.022222222222222254,-0.024074074074074026,0.04,0.96,0.9618169031300022,0.29342991093082044,123,xgboost__digits__successive_halving__b40__s123,93.9,
svm_rbf,wine,bayesian_opt,20,80,0.0,0.0,0.0,0.075,0.8625,0.9485952365914772,0.24508290094456592,42,svm_rbf__wine__bayesian_opt__b20__s42,4.5,"{'C': 16.701298355326777, 'gamma': 0.00029839645042190467}"
xgboost,digits,bayesian_opt,20,25,0.04166666666666663,0.033333333333333326,-0.008333333333333304,0.04,1.0,0.9113625087864531,0.2724965477051521,123,xgboost__digits__bayesian_opt__b20__s123,44.1,
mlp,breast_cancer,successive_halving,20,30,0.0,0.02631578947368418,0.02631578947368418,0.06666666666666667,0.3333333333333333,0.8753628639598618,0.2719695655679404,123,mlp__breast_cancer__successive_halving__b20__s123,18.8,
xgboost,wine,successive_halving,20,40,0.0,0.02777777777777779,0.02777777777777779,0.05,0.75,0.927950669356856,0.38126532682379677,123,xgboost__wine__successive_halving__b20__s123,7.3,
mlp,breast_cancer,successive_halving,20,30,0.007299270072992692,0.02631578947368418,0.01901651940069149,0.0,0.36666666666666664,0.8875199987291957,0.44070464777533974,999,mlp__breast_cancer__successive_halving__b20__s999,19.2,
mlp,wine,random_search,20,30,0.023255813953488413,0.0,-0.023255813953488413,0.06666666666666667,0.9666666666666667,0.8354000423940608,0.3117834376151272,999,mlp__wine__random_search__b20__s999,11.4,
svm_rbf,breast_cancer,bayesian_opt,20,100,0.007299270072992692,0.02631578947368418,0.01901651940069149,0.07,0.5,0.9086495162138675,0.2088453501906238,123,svm_rbf__breast_cancer__bayesian_opt__b20__s123,11.3,"{'C': 14.469495392172318, 'gamma': 0.0007100015685048694}"
mlp,breast_cancer,bayesian_opt,20,30,0.007299270072992692,0.04385964912280704,0.03656037904981435,0.1,0.6666666666666666,0.9358940070364283,0.2812362229122543,42,mlp__breast_cancer__bayesian_opt__b20__s42,28.2,
svm_rbf,breast_cancer,bayesian_opt,40,100,0.007299270072992692,0.01754385964912286,0.01024458957613017,0.12,0.54,0.9206669797417112,0.1850297256249036,999,svm_rbf__breast_cancer__bayesian_opt__b40__s999,21.4,"{'C': 12.778338459352158, 'gamma': 0.0008365826958585285}"
mlp,wine,bayesian_opt,20,30,0.023255813953488413,0.02777777777777779,0.004521963824289377,0.0,0.9666666666666667,0.9856470247152446,0.33185753205316165,999,mlp__wine__bayesian_opt__b20__s999,11.9,
xgboost,wine,bayesian_opt,40,40,0.0,0.0,0.0,0.0,0.775,0.9777943660763379,0.31287788259129046,42,xgboost__wine__bayesian_opt__b40__s42,24.8,
svm_rbf,breast_cancer,bayesian_opt,40,100,0.0,0.03508771929824561,0.03508771929824561,0.14,0.24,0.9810573174969117,0.2564861710434996,123,svm_rbf__breast_cancer__bayesian_opt__b40__s123,22.4,"{'C': 165.17402516763195, 'gamma': 0.00011596397603240076}"
mlp,wine,random_search,20,30,0.0,0.02777777777777779,0.02777777777777779,0.06666666666666667,0.8333333333333334,0.9593172555290794,0.3553828928081975,42,mlp__wine__random_search__b20__s42,11.1,
mlp,breast_cancer,bayesian_opt,40,30,0.0,0.03508771929824561,0.03508771929824561,0.0,0.4,0.8803612029144421,0.2818049827236868,123,mlp__breast_cancer__bayesian_opt__b40__s123,62.7,
xgboost,wine,successive_halving,20,40,0.023255813953488413,0.0,-0.023255813953488413,0.025,0.95,0.8625238744016644,0.33147395468489477,42,xgboost__wine__successive_halving__b20__s42,7.6,
mlp,breast_cancer,successive_halving,40,30,0.0,0.02631578947368418,0.02631578947368418,0.1,0.23333333333333334,0.9846923503743683,0.3307928903743203,123,mlp__breast_cancer__successive_halving__b40__s123,60.3,
xgboost,breast_cancer,random_search,20,50,0.007299270072992692,0.00877192982456143,0.001472659751568739,0.04,0.46,0.9221150286031746,0.3621173146036189,123,xgboost__breast_cancer__random_search__b20__s123,54.9,
xgboost,digits,bayesian_opt,20,25,0.03472222222222221,0.05277777777777781,0.018055555555555602,0.0,1.0,0.9949956408022634,0.3832573251093575,42,xgboost__digits__bayesian_opt__b20__s42,46.9,
svm_rbf,digits,random_search,20,80,0.01388888888888884,0.019444444444444486,0.005555555555555647,0.225,0.8375,0.9493088803025297,0.1487889184915003,999,svm_rbf__digits__random_search__b20__s999,85.1,"{'C': 47.09232206276549, 'gamma': 0.0007265126056902575}"
xgboost,digits,random_search,20,25,0.02546296296296291,0.02777777777777779,0.0023148148148148806,0.04,0.68,0.9396936940957176,0.3113520355096961,999,xgboost__digits__random_search__b20__s999,52.1,
xgboost,breast_cancer,random_search,40,30,0.014598540145985384,0.04385964912280704,0.02926110897682166,0.0,0.7,0.9586044466395968,0.3712812406218961,42,xgboost__breast_cancer__random_search__b40__s42,65.2,
xgboost,breast_cancer,successive_halving,40,40,0.0,0.02631578947368418,0.02631578947368418,0.025,0.175,0.9517402774591339,0.3587038673878028,999,xgboost__breast_cancer__successive_halving__b40__s999,48.1,
mlp,wine,successive_halving,40,30,0.0,0.02777777777777779,0.02777777777777779,0.03333333333333333,0.8666666666666667,0.9535353403745197,0.3518935866264315,42,mlp__wine__successive_halving__b40__s42,20.9,
mlp,digits,bayesian_opt,40,25,0.01157407407407407,0.033333333333333326,0.021759259259259256,0.04,0.6,0.8967944328971255,0.32686932213011544,999,mlp__digits__bayesian_opt__b40__s999,237.2,
xgboost,breast_cancer,bayesian_opt,20,40,0.007299270072992692,0.01754385964912286,0.01024458957613017,0.05,0.6,0.9204790280881914,0.3572634713707036,999,xgboost__breast_cancer__bayesian_opt__b20__s999,22.0,
svm_rbf,breast_cancer,successive_halving,40,100,0.014598540145985384,0.03508771929824561,0.02048917915226023,0.17,0.78,0.9712577930110122,0.1895602943354792,999,svm_rbf__breast_cancer__successive_halving__b40__s999,18.4,"{'C': 47.09232206276549, 'gamma': 0.0007265126056902575}"
mlp,wine,successive_halving,40,30,0.023255813953488413,0.0,-0.023255813953488413,0.0,0.9666666666666667,0.9230445308567721,0.31521428011277586,123,mlp__wine__successive_halving__b40__s123,22.1,
xgboost,wine,bayesian_opt,40,40,0.0,0.02777777777777779,0.02777777777777779,0.0,0.9,0.907560241913255,0.40051798587614335,123,xgboost__wine__bayesian_opt__b40__s123,25.4,
mlp,wine,successive_halving,20,30,0.023255813953488413,0.02777777777777779,0.004521963824289377,0.06666666666666667,0.9333333333333333,0.9546166331603012,0.35565452004449016,42,mlp__wine__successive_halving__b20__s42,7.2,
svm_rbf,wine,successive_halving,20,80,0.0,0.0,0.0,0.1875,0.725,0.8639194931804393,0.20062730457471858,999,svm_rbf__wine__successive_halving__b20__s999,2.1,"{'C': 47.09232206276549, 'gamma': 0.0007265126056902575}"
xgboost,digits,bayesian_opt,40,25,0.03472222222222221,0.05277777777777781,0.018055555555555602,0.08,1.0,0.9249688113716502,0.38431598073262124,42,xgboost__digits__bayesian_opt__b40__s42,97.0,
xgboost,wine,random_search,40,40,0.0,0.0,0.0,0.025,0.75,0.9116454502105305,0.2573608929309821,42,xgboost__wine__random_search__b40__s42,23.2,
xgboost,wine,random_search,20,40,0.0,0.02777777777777779,0.02777777777777779,0.025,0.825,0.9760709819470006,0.36405812158381085,123,xgboost__wine__random_search__b20__s123,11.8,
mlp,breast_cancer,random_search,40,50,0.0,0.02631578947368418,0.02631578947368418,0.1,0.26,0.9765571317231989,0.34789103593191456,123,mlp__breast_cancer__random_search__b40__s123,115.7,
mlp,digits,bayesian_opt,40,25,0.02083333333333337,0.033333333333333326,0.012499999999999956,0.12,0.96,0.9949956408022634,0.33967035199942386,42,mlp__digits__bayesian_opt__b40__s42,234.8,
mlp,digits,successive_halving,40,25,0.03240740740740744,0.019444444444444486,-0.012962962962962954,0.2,1.0,0.903519180772354,0.28543124529993325,123,mlp__digits__successive_halving__b40__s123,198.4,
mlp,breast_cancer,random_search,20,50,0.007299270072992692,0.01754385964912286,0.01024458957613017,0.06,0.74,0.9317178414346088,0.39569205234653493,999,mlp__breast_cancer__random_search__b20__s999,74.8,
svm_rbf,wine,random_search,40,80,0.0,0.0,0.0,0.1875,0.85,0.9809798645946535,0.21648122437715203,999,svm_rbf__wine__random_search__b40__s999,6.3,"{'C': 47.09232206276549, 'gamma': 0.0007265126056902575}"
mlp,digits,random_search,20,30,0.02546296296296291,0.036111111111111094,0.010648148148148184,0.03333333333333333,0.9666666666666667,0.929032927807477,0.3352198021518695,42,mlp__digits__random_search__b20__s42,108.3,
xgboost,wine,random_search,20,40,0.0,0.0,0.0,0.025,0.8,0.9602365275312496,0.23971395151572938,42,xgboost__wine__random_search__b20__s42,11.9,
xgboost,breast_cancer,bayesian_opt,20,30,0.007299270072992692,0.0,-0.007299270072992692,0.0,0.4666666666666667,0.9243323054386987,0.3226709783878183,123,xgboost__breast_cancer__bayesian_opt__b20__s123,30.4,
xgboost,breast_cancer,random_search,20,50,0.014598540145985384,0.04385964912280704,0.02926110897682166,0.02,0.74,0.9611735563479445,0.3772055259020264,42,xgboost__breast_cancer__random_search__b20__s42,59.8,
xgboost,digits,successive_halving,40,25,0.04629629629629628,0.061111111111111116,0.014814814814814836,0.0,1.0,0.9463711715552134,0.39793486959899205,42,xgboost__digits__successive_halving__b40__s42,93.2,
svm_rbf,breast_cancer,random_search,20,100,0.014598540145985384,0.03508771929824561,0.02048917915226023,0.16,0.67,0.9426139974264877,0.18885340056260172,999,svm_rbf__breast_cancer__random_search__b20__s999,10.4,"{'C': 47.09232206276549, 'gamma': 0.0007265126056902575}"
mlp,breast_cancer,bayesian_opt,40,30,0.0,0.03508771929824561,0.03508771929824561,0.03333333333333333,0.43333333333333335,0.9629719687673245,0.3188850143278531,42,mlp__breast_cancer__bayesian_opt__b40__s42,56.3,
svm_rbf,breast_cancer,successive_halving,20,100,0.014598540145985384,0.03508771929824561,0.02048917915226023,0.22,0.6,0.9131985533015314,0.1834692517943615,999,svm_rbf__breast_cancer__successive_halving__b20__s999,6.1,"{'C': 47.09232206276549, 'gamma': 0.0007265126056902575}"
mlp,wine,bayesian_opt,20,30,0.0,0.02777777777777779,0.02777777777777779,0.06666666666666667,0.9,0.9225579296778867,0.23589938727755513,123,mlp__wine__bayesian_opt__b20__s123,12.1,
mlp,digits,random_search,20,30,0.03472222222222221,0.036111111111111094,0.001388888888888884,0.0,1.0,0.8864938155131145,0.28414939753310936,123,mlp__digits__random_search__b20__s123,114.1,
xgboost,wine,bayesian_opt,20,40,0.0,0.02777777777777779,0.02777777777777779,0.05,0.775,0.9277943660763379,0.28644096282189846,999,xgboost__wine__bayesian_opt__b20__s999,12.0,
xgboost,breast_cancer,random_search,40,40,0.0,0.02631578947368418,0.02631578947368418,0.05,0.1,0.9407245242787825,0.35034170923085484,999,xgboost__breast_cancer__random_search__b40__s999,47.4,
mlp,digits,random_search,40,25,0.03240740740740744,0.019444444444444486,-0.012962962962962954,0.16,1.0,0.8606199195737619,0.2872992169652015,123,mlp__digits__random_search__b40__s123,199.0,
svm_rbf,wine,bayesian_opt,40,80,0.0,0.0,0.0,0.0875,0.8875,0.9540815797976904,0.24513225981714742,42,svm_rbf__wine__bayesian_opt__b40__s42,9.9,"{'C': 16.701298355326777, 'gamma': 0.00029839645042190467}"
xgboost,wine,random_search,40,40,0.0,0.05555555555555558,0.05555555555555558,0.05,0.75,0.9672031656863427,0.37188987442249904,999,xgboost__wine__random_search__b40__s999,23.4,
xgboost,digits,bayesian_opt,40,25,0.02546296296296291,0.022222222222222254,-0.003240740740740655,0.0,0.8,0.9668212623277387,0.291876735222871,999,xgboost__digits__bayesian_opt__b40__s999,92.7,
svm_rbf,wine,bayesian_opt,20,80,0.0,0.02777777777777779,0.02777777777777779,0.2125,0.8,0.9641323484580956,0.23095574179050543,999,svm_rbf__wine__bayesian_opt__b20__s999,4.4,"{'C': 0.5742579488638057, 'gamma': 0.06702826673589929}"
svm_rbf,breast_cancer,successive_halving,40,100,0.029197080291970767,0.03508771929824561,0.005890639006274845,0.22,1.0,0.9244300049411699,0.14673475338457664,42,svm_rbf__breast_cancer__successive_halving__b40__s42,18.2,"{'C': 44.02874346669272, 'gamma': 0.015645599135697307}"
svm_rbf,wine,random_search,20,100,0.0,0.0,0.0,0.19,0.85,0.9746241684387014,0.23424837887272165,123,svm_rbf__wine__random_search__b20__s123,4.0,"{'C': 0.9699153017673735, 'gamma': 0.0819640110272004}"
svm_rbf,digits,successive_halving,20,60,0.01620370370370372,0.022222222222222254,0.006018518518518534,0.2833333333333333,0.75,0.9402356076191698,0.15388175341350832,42,svm_rbf__digits__successive_halving__b20__s42,36.9,"{'C': 44.02874346669272, 'gamma': 0.015645599135697307}"
svm_rbf,wine,random_search,40,100,0.0,0.0,0.0,0.24,0.87,0.9426793900008683,0.2239068702206276,123,svm_rbf__wine__random_search__b40__s123,8.0,"{'C': 0.9699153017673735, 'gamma': 0.0819640110272004}"
