noise_label,noise_rate,searcher,dataset,seed,osc,ws,ctrl_gap,trt_gap,delta_gap
low_osc,0.3,random_search,breast_cancer,0,0.8666666666666667,0.1,0.054488410808042,-0.0101805608912792,0.0646689716993212
low_osc,0.3,random_search,breast_cancer,1,0.5,0.2,0.1129466000768344,-0.0116532206428479,0.1245998207196823
low_osc,0.3,random_search,breast_cancer,2,0.2333333333333333,0.0666666666666666,0.1100012805736969,0.0044179792547061,0.1055833013189908
low_osc,0.3,random_search,breast_cancer,3,0.0,0.1,0.0880394416698681,-0.0101805608912792,0.0982200025611473
low_osc,0.3,random_search,breast_cancer,4,0.1666666666666666,0.0666666666666666,0.0631963119477526,-0.0189524907158405,0.0821488026635932
low_osc,0.3,random_search,breast_cancer,5,0.8666666666666667,0.2333333333333333,0.0296452810859264,-0.0131258803944166,0.0427711614803431
low_osc,0.3,random_search,breast_cancer,6,0.5333333333333333,0.2,0.0851581508515815,-0.0101805608912792,0.0953387117428608
low_osc,0.3,random_search,breast_cancer,7,0.7666666666666667,0.2,0.0018568318606735,-0.0028812908182865,0.0047381226789601
low_osc,0.3,random_search,breast_cancer,8,0.8333333333333334,0.0333333333333333,0.0632603406326034,-0.0116532206428479,0.0749135612754513
low_osc,0.3,random_search,breast_cancer,9,0.8333333333333334,0.1,0.0384172109104878,-0.0101805608912792,0.0485977718017671
low_osc,0.3,random_search,wine,0,0.3,0.2,-0.0193798449612403,-0.0232558139534884,0.003875968992248
low_osc,0.3,random_search,wine,1,0.9,0.1,-0.065891472868217,-0.0232558139534884,-0.0426356589147286
low_osc,0.3,random_search,wine,2,0.2,0.2333333333333333,0.063953488372093,-0.0232558139534884,0.0872093023255814
low_osc,0.3,random_search,wine,3,0.7333333333333333,0.1,0.0684754521963824,-0.0232558139534884,0.0917312661498708
low_osc,0.3,random_search,wine,4,0.7,0.1333333333333333,0.0452196382428941,-0.0232558139534884,0.0684754521963825
low_osc,0.3,random_search,wine,5,0.5333333333333333,0.1333333333333333,0.1240310077519379,-0.0232558139534884,0.1472868217054264
low_osc,0.3,random_search,wine,6,0.1666666666666666,0.2,0.003875968992248,-0.0232558139534884,0.0271317829457364
low_osc,0.3,random_search,wine,7,0.9333333333333332,0.3,-0.0613695090439276,-0.0232558139534884,-0.0381136950904392
low_osc,0.3,random_search,wine,8,0.6333333333333333,0.1,0.0406976744186046,-0.0232558139534884,0.063953488372093
low_osc,0.3,random_search,wine,9,0.8666666666666667,0.2333333333333333,0.0452196382428941,-0.0232558139534884,0.0684754521963825
low_osc,0.3,bayesian_opt,breast_cancer,0,0.7666666666666667,0.0666666666666666,0.0018568318606735,-0.0204251504674093,0.0222819823280828
low_osc,0.3,bayesian_opt,breast_cancer,1,0.9333333333333332,0.2333333333333333,0.0998207196824176,-0.0189524907158405,0.1187732103982582
low_osc,0.3,bayesian_opt,breast_cancer,2,0.7,0.1666666666666666,0.0866308106031501,-0.0189524907158405,0.1055833013189907
low_osc,0.3,bayesian_opt,breast_cancer,3,0.1333333333333333,0.0666666666666666,0.1318990907926751,-0.0204251504674093,0.1523242412600844
low_osc,0.3,bayesian_opt,breast_cancer,4,0.7333333333333333,0.1,0.0705596107055961,-0.0028812908182865,0.0734409015238827
low_osc,0.3,bayesian_opt,breast_cancer,5,0.9666666666666668,0.0,-0.0142143680368804,-0.0116532206428479,-0.0025611473940325
low_osc,0.3,bayesian_opt,breast_cancer,6,0.7333333333333333,0.1,0.0252273018312203,-0.0174798309642719,0.0427071327954923
low_osc,0.3,bayesian_opt,breast_cancer,7,0.9333333333333332,0.2333333333333333,0.1012933794339864,-0.0028812908182865,0.104174670252273
low_osc,0.3,bayesian_opt,breast_cancer,8,0.2333333333333333,0.1666666666666666,0.0558970418747598,-0.027724420540402,0.0836214624151618
low_osc,0.3,bayesian_opt,breast_cancer,9,0.1666666666666666,0.1,0.0544243821231912,-0.0101805608912792,0.0646049430144705
low_osc,0.3,bayesian_opt,wine,0,1.0,0.0666666666666666,0.026485788113695,-0.0232558139534884,0.0497416020671834
low_osc,0.3,bayesian_opt,wine,1,0.5,0.1333333333333333,0.0917312661498708,-0.0232558139534884,0.1149870801033592
low_osc,0.3,bayesian_opt,wine,2,0.8333333333333334,0.0666666666666666,-0.0381136950904392,-0.0465116279069767,0.0083979328165374
low_osc,0.3,bayesian_opt,wine,3,0.2333333333333333,0.1333333333333333,0.1149870801033592,-0.0465116279069767,0.1614987080103359
low_osc,0.3,bayesian_opt,wine,4,0.3666666666666666,0.1333333333333333,0.2028423772609818,-0.0232558139534884,0.2260981912144702
low_osc,0.3,bayesian_opt,wine,5,0.9666666666666668,0.0666666666666666,-0.0290697674418605,-0.0232558139534884,-0.0058139534883721
low_osc,0.3,bayesian_opt,wine,6,0.9333333333333332,0.2,0.1841085271317829,-0.0232558139534884,0.2073643410852713
low_osc,0.3,bayesian_opt,wine,7,0.4666666666666667,0.0333333333333333,0.0361757105943152,-0.0232558139534884,0.0594315245478036
low_osc,0.3,bayesian_opt,wine,8,0.2333333333333333,0.0333333333333333,0.0361757105943152,-0.0232558139534884,0.0594315245478036
low_osc,0.3,bayesian_opt,wine,9,0.4,0.0666666666666666,0.0917312661498708,-0.0465116279069767,0.1382428940568475
low_osc,0.3,successive_halving,breast_cancer,0,0.7666666666666667,0.0,-0.0345754898194391,-0.0116532206428479,-0.0229222691765912
low_osc,0.3,successive_halving,breast_cancer,1,0.2333333333333333,0.1666666666666666,-0.0083877577154565,-0.027724420540402,0.0193366628249455
low_osc,0.3,successive_halving,breast_cancer,2,0.4,0.0666666666666666,0.0355359200922013,-0.0204251504674093,0.0559610705596106
low_osc,0.3,successive_halving,breast_cancer,3,0.6666666666666666,0.0666666666666666,-0.0141503393520298,-0.027724420540402,0.0135740811883722
low_osc,0.3,successive_halving,breast_cancer,4,0.7666666666666667,0.3333333333333333,-0.0229222691765911,-0.0204251504674093,-0.0024971187091817
low_osc,0.3,successive_halving,breast_cancer,5,0.2,0.2,-0.0244589576130106,-0.0204251504674093,-0.0040338071456013
low_osc,0.3,successive_halving,breast_cancer,6,0.1,0.1,-0.0010884876424638,-0.0204251504674093,0.0193366628249455
low_osc,0.3,successive_halving,breast_cancer,7,1.0,0.0333333333333333,-0.0199129209886028,-0.0116532206428479,-0.0082597003457549
low_osc,0.3,successive_halving,breast_cancer,8,0.1333333333333333,0.1333333333333333,0.104174670252273,-0.0131258803944166,0.1173005506466896
low_osc,0.3,successive_halving,breast_cancer,9,0.6666666666666666,0.2,0.1028300678704059,-0.0116532206428479,0.1144832885132538
low_osc,0.3,successive_halving,wine,0,0.9333333333333332,0.0333333333333333,-0.0387596899224805,-0.0232558139534884,-0.0155038759689921
low_osc,0.3,successive_halving,wine,1,0.5,0.2333333333333333,-0.0012919896640827,-0.0232558139534884,0.0219638242894056
low_osc,0.3,successive_halving,wine,2,0.0666666666666666,0.0666666666666666,0.1750645994832042,-0.0232558139534884,0.1983204134366926
low_osc,0.3,successive_halving,wine,3,0.4333333333333333,0.0,-0.0012919896640827,-0.0232558139534884,0.0219638242894056
low_osc,0.3,successive_halving,wine,4,0.9,0.0666666666666666,-0.0342377260981912,-0.0232558139534884,-0.0109819121447027
low_osc,0.3,successive_halving,wine,5,0.8,0.0666666666666666,-0.1543927648578811,-0.0232558139534884,-0.1311369509043927
low_osc,0.3,successive_halving,wine,6,0.4666666666666667,0.1666666666666666,0.0310077519379845,-0.0465116279069767,0.0775193798449612
low_osc,0.3,successive_halving,wine,7,0.0,0.2333333333333333,0.1983204134366926,-0.0232558139534884,0.221576227390181
low_osc,0.3,successive_halving,wine,8,0.1333333333333333,0.0333333333333333,0.0684754521963824,-0.0232558139534884,0.0917312661498708
low_osc,0.3,successive_halving,wine,9,0.4,0.2,0.0032299741602067,-0.0232558139534884,0.0264857881136951
med_osc,0.1,random_search,breast_cancer,0,0.9333333333333332,0.2,0.0557049558202075,-0.0028812908182865,0.0585862466384941
med_osc,0.1,random_search,breast_cancer,1,0.9,0.2666666666666666,0.0542322960686387,-0.0028812908182865,0.0571135868869253
med_osc,0.1,random_search,breast_cancer,2,0.5666666666666667,0.1666666666666666,0.05275963631707,-0.027724420540402,0.080484056857472
med_osc,0.1,random_search,breast_cancer,3,1.0,0.1333333333333333,0.0118453066974004,-0.0204251504674093,0.0322704571648098
med_osc,0.1,random_search,breast_cancer,4,0.9666666666666668,0.1666666666666666,0.046933025995646,-0.0101805608912792,0.0571135868869253
med_osc,0.1,random_search,breast_cancer,5,0.9333333333333332,0.1333333333333333,0.0293891663465232,-0.027724420540402,0.0571135868869252
med_osc,0.1,random_search,breast_cancer,6,0.4666666666666667,0.1666666666666666,0.0161992572672556,-0.0204251504674093,0.036624407734665
med_osc,0.1,random_search,breast_cancer,7,0.5,0.2,0.0688308362146241,-0.0101805608912792,0.0790113971059034
med_osc,0.1,random_search,breast_cancer,8,0.6666666666666666,0.2333333333333333,0.0264438468433858,-0.0174798309642719,0.0439236778076578
med_osc,0.1,random_search,breast_cancer,9,0.0666666666666666,0.1666666666666666,0.064412856959918,-0.027724420540402,0.09213727750032
med_osc,0.1,random_search,wine,0,0.2666666666666666,0.0333333333333333,0.171188630490956,-0.0232558139534884,0.1944444444444444
med_osc,0.1,random_search,wine,1,0.9,0.1333333333333333,0.0135658914728682,-0.0465116279069767,0.0600775193798449
med_osc,0.1,random_search,wine,2,0.5333333333333333,0.1666666666666666,0.0368217054263566,-0.0232558139534884,0.060077519379845
med_osc,0.1,random_search,wine,3,0.5333333333333333,0.1333333333333333,0.0645994832041344,-0.0232558139534884,0.0878552971576228
med_osc,0.1,random_search,wine,4,0.8,0.1,0.0691214470284237,-0.0232558139534884,0.0923772609819121
med_osc,0.1,random_search,wine,5,0.8333333333333334,0.0666666666666666,0.0691214470284237,-0.0465116279069767,0.1156330749354004
med_osc,0.1,random_search,wine,6,0.3,0.0666666666666666,-0.0232558139534884,-0.0232558139534884,0.0
med_osc,0.1,random_search,wine,7,0.9333333333333332,0.2333333333333333,0.0135658914728682,-0.0232558139534884,0.0368217054263566
med_osc,0.1,random_search,wine,8,0.6333333333333333,0.0666666666666666,0.0090439276485788,-0.0232558139534884,0.0322997416020672
med_osc,0.1,random_search,wine,9,0.7333333333333333,0.1,0.0923772609819121,-0.0232558139534884,0.1156330749354005
med_osc,0.1,bayesian_opt,breast_cancer,0,0.8666666666666667,0.1,-0.0247150723524138,-0.0028812908182865,-0.0218337815341272
med_osc,0.1,bayesian_opt,breast_cancer,1,1.0,0.1,0.0147906262005378,-0.0189524907158405,0.0337431169163784
med_osc,0.1,bayesian_opt,breast_cancer,2,0.9,0.1,0.0191445767703931,-0.0101805608912792,0.0293251376616724
med_osc,0.1,bayesian_opt,breast_cancer,3,0.6333333333333333,0.0666666666666666,0.0600589063900627,-0.0028812908182865,0.0629401972083493
med_osc,0.1,bayesian_opt,breast_cancer,4,0.0666666666666666,0.1666666666666666,0.0468689973107951,-0.0116532206428479,0.058522217953643
med_osc,0.1,bayesian_opt,breast_cancer,5,0.4666666666666667,0.1333333333333333,0.0337431169163785,-0.0204251504674093,0.0541682673837878
med_osc,0.1,bayesian_opt,breast_cancer,6,0.6,0.1333333333333333,0.0337431169163785,-0.0028812908182865,0.0366244077346651
med_osc,0.1,bayesian_opt,breast_cancer,7,0.5,0.1,0.0161992572672556,0.0058906390062748,0.0103086182609808
med_osc,0.1,bayesian_opt,breast_cancer,8,0.5,0.2,0.0322704571648098,-0.0189524907158405,0.0512229478806504
med_osc,0.1,bayesian_opt,breast_cancer,9,1.0,0.0333333333333333,0.0381610961710846,-0.0101805608912792,0.0483416570623639
med_osc,0.1,bayesian_opt,wine,0,0.9666666666666667,0.1,0.04134366925064603,-0.023255813953488413,0.06459948320413444
med_osc,0.1,bayesian_opt,wine,1,1.0,0.1,-0.03746770025839796,-0.023255813953488413,-0.014211886304909549
med_osc,0.1,bayesian_opt,wine,2,0.9666666666666667,0.06666666666666667,0.04134366925064603,-0.023255813953488413,0.06459948320413444
med_osc,0.1,bayesian_opt,wine,3,0.5333333333333333,0.13333333333333333,0.06459948320413444,-0.023255813953488413,0.08785529715762286
med_osc,0.1,bayesian_opt,wine,4,0.9333333333333333,0.1,-0.014211886304909549,-0.023255813953488413,0.009043927648578864
med_osc,0.1,bayesian_opt,wine,5,0.7666666666666667,0.06666666666666667,0.009043927648578864,-0.023255813953488413,0.03229974160206728
med_osc,0.1,bayesian_opt,wine,6,0.8333333333333334,0.1,0.06912144702842371,-0.023255813953488413,0.09237726098191212
med_osc,0.1,bayesian_opt,wine,7,0.9333333333333333,0.13333333333333333,0.06912144702842371,-0.046511627906976716,0.11563307493540043
med_osc,0.1,bayesian_opt,wine,8,0.6666666666666666,0.13333333333333333,0.09237726098191212,-0.023255813953488413,0.11563307493540054
med_osc,0.1,bayesian_opt,wine,9,0.7,0.13333333333333333,0.06459948320413444,-0.046511627906976716,0.11111111111111116
med_osc,0.1,successive_halving,breast_cancer,0,0.7,0.06666666666666667,0.00019208605455245387,-0.002881290818286586,0.00307337687283904
med_osc,0.1,successive_halving,breast_cancer,1,0.36666666666666664,0.2,0.00307337687283904,-0.010180560891279278,0.013253937764118318
med_osc,0.1,successive_halving,breast_cancer,2,0.9333333333333333,0.03333333333333333,0.02362658470995005,-0.010180560891279278,0.03380714560122933
med_osc,0.1,successive_halving,breast_cancer,3,0.6,0.1,0.006018696375976518,-0.013125880394416645,0.019144576770393162
med_osc,0.1,successive_halving,breast_cancer,4,0.8,0.1,0.0440517351773595,-0.020425150467409336,0.06447688564476883
med_osc,0.1,successive_halving,breast_cancer,5,0.16666666666666666,0.26666666666666666,-0.008643872454859758,-0.020425150467409336,0.011781278012549579
med_osc,0.1,successive_halving,breast_cancer,6,0.6,0.16666666666666666,0.04987834549878345,-0.02772442054040203,0.07760276603918548
med_osc,0.1,successive_halving,breast_cancer,7,0.43333333333333335,0.16666666666666666,0.03816109617108465,-0.010180560891279278,0.04834165706236393
med_osc,0.1,successive_halving,breast_cancer,8,0.26666666666666666,0.2,0.04693302599564608,-0.020425150467409336,0.06735817646305542
med_osc,0.1,successive_halving,breast_cancer,9,0.8666666666666667,0.13333333333333333,0.00461006530925856,-0.010180560891279278,0.014790626200537837
med_osc,0.1,successive_halving,wine,0,0.9,0.0,-0.1304909560723514,-0.023255813953488413,-0.10723514211886298
med_osc,0.1,successive_halving,wine,1,0.8666666666666667,0.23333333333333334,-0.05620155038759689,-0.046511627906976716,-0.009689922480620172
med_osc,0.1,successive_halving,wine,2,0.5666666666666667,0.13333333333333333,0.018087855297157618,-0.023255813953488413,0.04134366925064603
med_osc,0.1,successive_halving,wine,3,0.8666666666666667,0.06666666666666667,-0.05620155038759689,-0.023255813953488413,-0.032945736434108475
med_osc,0.1,successive_halving,wine,4,0.5666666666666667,0.1,-0.08850129198966405,-0.023255813953488413,-0.06524547803617564
med_osc,0.1,successive_halving,wine,5,0.5333333333333333,0.2,-0.08850129198966405,-0.046511627906976716,-0.04198966408268734
med_osc,0.1,successive_halving,wine,6,0.13333333333333333,0.06666666666666667,0.004521963824289377,-0.023255813953488413,0.02777777777777779
med_osc,0.1,successive_halving,wine,7,0.1,0.13333333333333333,0.06459948320413444,-0.046511627906976716,0.11111111111111116
med_osc,0.1,successive_halving,wine,8,0.36666666666666664,0.13333333333333333,0.04134366925064603,-0.046511627906976716,0.08785529715762275
med_osc,0.1,successive_halving,wine,9,0.9666666666666667,0.16666666666666666,-0.07041343669250655,-0.023255813953488413,-0.047157622739018135
high_osc,0.0,random_search,breast_cancer,0,0.8333333333333334,0.23333333333333334,0.002945319503137478,-0.02772442054040203,0.030669740043539506
high_osc,0.0,random_search,breast_cancer,1,0.9333333333333333,0.1,0.021961838903828967,-0.010180560891279278,0.032142399795108245
high_osc,0.0,random_search,breast_cancer,2,0.9333333333333333,0.3,-0.020425150467409336,-0.010180560891279278,-0.010244589576130059
high_osc,0.0,random_search,breast_cancer,3,1.0,0.23333333333333334,0.005890639006274845,-0.02772442054040203,0.03361505954667687
high_osc,0.0,random_search,breast_cancer,4,0.8,0.2,0.02048917915226023,0.013189909079267537,0.007299270072992692
high_osc,0.0,random_search,breast_cancer,5,0.7666666666666667,0.2,0.02048917915226023,-0.010180560891279278,0.030669740043539506
high_osc,0.0,random_search,breast_cancer,6,0.8,0.3,0.013189909079267537,-0.020425150467409336,0.03361505954667687
high_osc,0.0,random_search,breast_cancer,7,0.9333333333333333,0.13333333333333333,0.004417979254706106,-0.002881290818286586,0.007299270072992692
high_osc,0.0,random_search,breast_cancer,8,0.9666666666666667,0.13333333333333333,0.013189909079267537,-0.002881290818286586,0.016071199897554123
high_osc,0.0,random_search,breast_cancer,9,1.0,0.13333333333333333,0.004417979254706106,-0.020425150467409336,0.024843129722115442
high_osc,0.0,random_search,wine,0,0.9333333333333333,0.06666666666666667,0.0,-0.046511627906976716,0.046511627906976716
high_osc,0.0,random_search,wine,1,0.9,0.06666666666666667,0.0,-0.023255813953488413,0.023255813953488413
high_osc,0.0,random_search,wine,2,0.8666666666666667,0.16666666666666666,0.02777777777777779,-0.023255813953488413,0.051033591731266204
high_osc,0.0,random_search,wine,3,0.8666666666666667,0.13333333333333333,0.0,-0.023255813953488413,0.023255813953488413
high_osc,0.0,random_search,wine,4,0.9,0.2,0.0,-0.023255813953488413,0.023255813953488413
high_osc,0.0,random_search,wine,5,0.9666666666666667,0.13333333333333333,0.0,-0.023255813953488413,0.023255813953488413
high_osc,0.0,random_search,wine,6,0.7333333333333333,0.1,0.0,-0.023255813953488413,0.023255813953488413
high_osc,0.0,random_search,wine,7,0.8,0.13333333333333333,0.0,-0.023255813953488413,0.023255813953488413
high_osc,0.0,random_search,wine,8,0.9,0.1,0.02777777777777779,-0.023255813953488413,0.051033591731266204
high_osc,0.0,random_search,wine,9,0.9,0.16666666666666666,0.0,-0.046511627906976716,0.046511627906976716
high_osc,0.0,bayesian_opt,breast_cancer,0,0.9,0.03333333333333333,0.013189909079267537,-0.002881290818286586,0.016071199897554123
high_osc,0.0,bayesian_opt,breast_cancer,1,0.9666666666666667,0.1,0.021961838903828967,-0.002881290818286586,0.024843129722115553
high_osc,0.0,bayesian_opt,breast_cancer,2,0.9666666666666667,0.2,0.004417979254706106,-0.02772442054040203,0.032142399795108134
high_osc,0.0,bayesian_opt,breast_cancer,3,0.7333333333333333,0.1,0.02926110897682166,-0.010180560891279278,0.03944166986810094
high_osc,0.0,bayesian_opt,breast_cancer,4,0.9,0.23333333333333334,-0.013125880394416645,-0.002881290818286586,-0.010244589576130059
high_osc,0.0,bayesian_opt,breast_cancer,5,0.9333333333333333,0.16666666666666666,-0.004353950569855214,-0.002881290818286586,-0.001472659751568628
high_osc,0.0,bayesian_opt,breast_cancer,6,1.0,0.1,0.021961838903828967,-0.002881290818286586,0.024843129722115553
high_osc,0.0,bayesian_opt,breast_cancer,7,0.8333333333333334,0.03333333333333333,0.011717249327698798,-0.010180560891279278,0.021897810218978075
high_osc,0.0,bayesian_opt,breast_cancer,8,0.9,0.03333333333333333,0.002945319503137478,-0.002881290818286586,0.005826610321424064
high_osc,0.0,bayesian_opt,breast_cancer,9,0.9333333333333333,0.3333333333333333,-0.004353950569855214,-0.018952490715840598,0.014598540145985384
high_osc,0.0,bayesian_opt,wine,0,0.9666666666666667,0.23333333333333334,0.0,-0.023255813953488413,0.023255813953488413
high_osc,0.0,bayesian_opt,wine,1,0.8333333333333334,0.06666666666666667,0.0,-0.046511627906976716,0.046511627906976716
high_osc,0.0,bayesian_opt,wine,2,0.8,0.16666666666666666,0.02777777777777779,-0.023255813953488413,0.051033591731266204
high_osc,0.0,bayesian_opt,wine,3,0.8666666666666667,0.2,0.02777777777777779,-0.023255813953488413,0.051033591731266204
high_osc,0.0,bayesian_opt,wine,4,0.9333333333333333,0.23333333333333334,0.02777777777777779,-0.023255813953488413,0.051033591731266204
high_osc,0.0,bayesian_opt,wine,5,0.8333333333333334,0.03333333333333333,0.0,-0.023255813953488413,0.023255813953488413
high_osc,0.0,bayesian_opt,wine,6,0.8,0.1,0.0,-0.023255813953488413,0.023255813953488413
high_osc,0.0,bayesian_opt,wine,7,0.8666666666666667,0.2,0.02777777777777779,-0.023255813953488413,0.051033591731266204
high_osc,0.0,bayesian_opt,wine,8,0.7333333333333333,0.23333333333333334,0.0,-0.023255813953488413,0.023255813953488413
high_osc,0.0,bayesian_opt,wine,9,0.8,0.13333333333333333,0.0,-0.046511627906976716,0.046511627906976716
high_osc,0.0,successive_halving,breast_cancer,0,0.8666666666666667,0.03333333333333333,0.005890639006274845,-0.010180560891279278,0.016071199897554123
high_osc,0.0,successive_halving,breast_cancer,1,0.7333333333333333,0.13333333333333333,0.014662568830836276,-0.002881290818286586,0.01754385964912286
high_osc,0.0,successive_halving,breast_cancer,2,0.9333333333333333,0.06666666666666667,-0.010180560891279278,-0.002881290818286586,-0.007299270072992692
high_osc,0.0,successive_halving,breast_cancer,3,0.9333333333333333,0.1,0.005890639006274845,-0.020425150467409336,0.02631578947368418
high_osc,0.0,successive_halving,breast_cancer,4,0.9,0.16666666666666666,0.004417979254706106,-0.002881290818286586,0.007299270072992692
high_osc,0.0,successive_halving,breast_cancer,5,0.9,0.23333333333333334,-0.010180560891279278,-0.013125880394416645,0.002945319503137367
high_osc,0.0,successive_halving,breast_cancer,6,0.7666666666666667,0.2,0.013189909079267537,-0.018952490715840598,0.032142399795108134
high_osc,0.0,successive_halving,breast_cancer,7,0.9,0.23333333333333334,-0.011653220642847906,-0.010180560891279278,-0.001472659751568628
high_osc,0.0,successive_halving,breast_cancer,8,0.8666666666666667,0.16666666666666666,0.014662568830836276,-0.020425150467409336,0.03508771929824561
high_osc,0.0,successive_halving,breast_cancer,9,0.8,0.1,0.004417979254706106,0.005890639006274845,-0.001472659751568739
high_osc,0.0,successive_halving,wine,0,0.8,0.06666666666666667,0.0,-0.023255813953488413,0.023255813953488413
high_osc,0.0,successive_halving,wine,1,0.9,0.3333333333333333,-0.023255813953488413,-0.046511627906976716,0.023255813953488302
high_osc,0.0,successive_halving,wine,2,0.7,0.1,0.02777777777777779,-0.023255813953488413,0.051033591731266204
high_osc,0.0,successive_halving,wine,3,0.8333333333333334,0.26666666666666666,0.0,-0.023255813953488413,0.023255813953488413
high_osc,0.0,successive_halving,wine,4,0.6,0.2,0.0,-0.023255813953488413,0.023255813953488413
high_osc,0.0,successive_halving,wine,5,0.8,0.16666666666666666,0.0,-0.023255813953488413,0.023255813953488413
high_osc,0.0,successive_halving,wine,6,0.8,0.03333333333333333,0.0,-0.046511627906976716,0.046511627906976716
high_osc,0.0,successive_halving,wine,7,0.8,0.2,0.0,-0.023255813953488413,0.023255813953488413
high_osc,0.0,successive_halving,wine,8,0.9333333333333333,0.13333333333333333,-0.023255813953488413,-0.023255813953488413,0.0
high_osc,0.0,successive_halving,wine,9,0.9666666666666667,0.16666666666666666,-0.046511627906976716,-0.023255813953488413,-0.023255813953488302
