osc,ctrl_gap,trt_gap,delta_gap,delta_test,noise_label,noise_rate,searcher,seed
0.9333333333333332,0.0045219638242893,0.0045219638242893,0.0,0.0,high_osc,0.0,random_search,0
0.9333333333333332,0.0045219638242893,-0.0187338501291989,0.0232558139534883,0.0,high_osc,0.0,random_search,1
0.9666666666666668,0.0045219638242893,0.0045219638242893,0.0,0.0,high_osc,0.0,random_search,2
1.0,-0.0187338501291989,-0.0419896640826873,0.0232558139534884,0.0,high_osc,0.0,random_search,3
0.8333333333333334,0.0,-0.0232558139534884,0.0232558139534884,0.0,high_osc,0.0,random_search,4
1.0,-0.0232558139534884,0.0045219638242893,-0.0277777777777777,-0.0277777777777777,high_osc,0.0,random_search,5
0.9333333333333332,0.0277777777777777,0.0277777777777777,0.0,0.0,high_osc,0.0,random_search,6
1.0,0.0045219638242893,0.0045219638242893,0.0,0.0,high_osc,0.0,random_search,7
1.0,-0.0187338501291989,-0.0187338501291989,0.0,0.0,high_osc,0.0,random_search,8
0.8333333333333334,0.0,0.0,0.0,0.0,high_osc,0.0,random_search,9
0.7666666666666667,0.0,-0.0465116279069767,0.0465116279069767,0.0,high_osc,0.0,random_search,10
0.9333333333333332,0.0045219638242893,0.0368217054263566,-0.0322997416020672,-0.0555555555555555,high_osc,0.0,random_search,11
0.7666666666666667,0.0277777777777777,0.0277777777777777,0.0,0.0,high_osc,0.0,random_search,12
0.8,0.0277777777777777,0.0,0.0277777777777777,0.0277777777777777,high_osc,0.0,random_search,13
0.9,0.0322997416020671,0.0045219638242893,0.0277777777777777,0.0277777777777777,high_osc,0.0,random_search,14
0.9666666666666668,-0.0232558139534884,-0.0187338501291989,-0.0045219638242894,-0.0277777777777777,high_osc,0.0,random_search,15
0.9333333333333332,0.0,0.0,0.0,0.0,high_osc,0.0,random_search,16
0.8333333333333334,0.0,0.0,0.0,0.0,high_osc,0.0,random_search,17
0.9666666666666668,0.0045219638242893,-0.0232558139534884,0.0277777777777777,0.0277777777777777,high_osc,0.0,random_search,18
0.8333333333333334,0.0555555555555555,0.0555555555555555,0.0,0.0,high_osc,0.0,random_search,19
1.0,0.0045219638242893,-0.0465116279069767,0.051033591731266,0.0277777777777777,high_osc,0.0,bayesian_opt,0
0.9333333333333332,0.0833333333333333,-0.0187338501291989,0.1020671834625323,0.0555555555555555,high_osc,0.0,bayesian_opt,1
0.8333333333333334,0.0277777777777777,0.0045219638242893,0.0232558139534884,0.0,high_osc,0.0,bayesian_opt,2
1.0,0.0090439276485788,-0.0187338501291989,0.0277777777777777,0.0277777777777777,high_osc,0.0,bayesian_opt,3
0.9333333333333332,0.0,-0.0232558139534884,0.0232558139534884,0.0,high_osc,0.0,bayesian_opt,4
0.9666666666666668,0.0045219638242893,-0.0187338501291989,0.0232558139534883,0.0,high_osc,0.0,bayesian_opt,5
0.9333333333333332,0.0277777777777777,0.0277777777777777,0.0,0.0,high_osc,0.0,bayesian_opt,6
0.9333333333333332,0.0045219638242893,0.0322997416020671,-0.0277777777777777,-0.0277777777777777,high_osc,0.0,bayesian_opt,7
1.0,-0.0465116279069767,-0.0465116279069767,0.0,0.0,high_osc,0.0,bayesian_opt,8
0.8,0.0,0.0,0.0,0.0,high_osc,0.0,bayesian_opt,9
0.8,0.0,0.0,0.0,0.0,high_osc,0.0,bayesian_opt,10
1.0,0.0045219638242893,0.0322997416020671,-0.0277777777777777,-0.0277777777777777,high_osc,0.0,bayesian_opt,11
0.7666666666666667,0.0277777777777777,0.0555555555555555,-0.0277777777777777,-0.0277777777777777,high_osc,0.0,bayesian_opt,12
0.7666666666666667,0.0277777777777777,0.0,0.0277777777777777,0.0277777777777777,high_osc,0.0,bayesian_opt,13
0.9333333333333332,0.0322997416020671,0.0045219638242893,0.0277777777777777,0.0277777777777777,high_osc,0.0,bayesian_opt,14
1.0,0.0322997416020671,0.0045219638242893,0.0277777777777777,0.0277777777777777,high_osc,0.0,bayesian_opt,15
0.9666666666666668,0.0277777777777777,0.0,0.0277777777777777,0.0277777777777777,high_osc,0.0,bayesian_opt,16
0.9333333333333332,0.0,-0.0232558139534884,0.0232558139534884,0.0,high_osc,0.0,bayesian_opt,17
0.9666666666666668,0.0600775193798449,0.0045219638242893,0.0555555555555555,0.0555555555555555,high_osc,0.0,bayesian_opt,18
0.8666666666666667,0.0555555555555555,0.0045219638242893,0.0510335917312662,0.0277777777777777,high_osc,0.0,bayesian_opt,19
0.9666666666666668,0.0045219638242893,-0.0232558139534884,0.0277777777777777,0.0277777777777777,high_osc,0.0,successive_halving,0
0.9666666666666668,0.0045219638242893,-0.0187338501291989,0.0232558139534883,0.0,high_osc,0.0,successive_halving,1
0.9,0.0045219638242893,0.0322997416020671,-0.0277777777777777,-0.0277777777777777,high_osc,0.0,successive_halving,2
0.9666666666666668,-0.0187338501291989,-0.0652454780361757,0.0465116279069768,0.0,high_osc,0.0,successive_halving,3
0.8,0.0,-0.0465116279069767,0.0465116279069767,0.0,high_osc,0.0,successive_halving,4
0.9333333333333332,-0.0232558139534884,-0.0232558139534884,0.0,0.0,high_osc,0.0,successive_halving,5
0.8,0.0277777777777777,0.0277777777777777,0.0,0.0,high_osc,0.0,successive_halving,6
0.9666666666666668,0.0045219638242893,0.0368217054263566,-0.0322997416020672,-0.0555555555555555,high_osc,0.0,successive_halving,7
1.0,-0.0187338501291989,-0.0187338501291989,0.0,0.0,high_osc,0.0,successive_halving,8
0.6666666666666666,0.0,0.0,0.0,0.0,high_osc,0.0,successive_halving,9
0.9,0.0,0.0,0.0,0.0,high_osc,0.0,successive_halving,10
1.0,0.0045219638242893,0.0090439276485788,-0.0045219638242894,-0.0277777777777777,high_osc,0.0,successive_halving,11
0.8333333333333334,0.0277777777777777,0.0277777777777777,0.0,0.0,high_osc,0.0,successive_halving,12
0.6666666666666666,0.0277777777777777,0.0,0.0277777777777777,0.0277777777777777,high_osc,0.0,successive_halving,13
1.0,-0.0187338501291989,-0.0419896640826873,0.0232558139534884,0.0,high_osc,0.0,successive_halving,14
0.9666666666666668,0.0045219638242893,-0.0187338501291989,0.0232558139534883,0.0,high_osc,0.0,successive_halving,15
0.7333333333333333,0.0,0.0,0.0,0.0,high_osc,0.0,successive_halving,16
0.5333333333333333,0.0,-0.0232558139534884,0.0232558139534884,0.0,high_osc,0.0,successive_halving,17
0.9666666666666668,0.0045219638242893,-0.0232558139534884,0.0277777777777777,0.0277777777777777,high_osc,0.0,successive_halving,18
0.7666666666666667,0.0277777777777777,0.0322997416020671,-0.0045219638242893,-0.0277777777777777,high_osc,0.0,successive_halving,19
0.9,-0.0697674418604651,-0.0930232558139535,0.0232558139534884,0.0,med_osc,0.1,random_search,0
0.7,-0.0187338501291989,-0.1117571059431524,0.0930232558139535,0.0,med_osc,0.1,random_search,1
0.9333333333333332,-0.0419896640826873,-0.1117571059431524,0.0697674418604651,0.0,med_osc,0.1,random_search,2
1.0,-0.0652454780361757,-0.1815245478036176,0.1162790697674418,0.0,med_osc,0.1,random_search,3
0.6666666666666666,-0.0465116279069767,-0.1860465116279069,0.1395348837209302,0.0,med_osc,0.1,random_search,4
0.9333333333333332,-0.0936692506459948,-0.3210594315245477,0.2273901808785529,0.111111111111111,low_osc,0.3,random_search,0
0.1,-0.1117571059431524,-0.3908268733850129,0.2790697674418604,0.0,low_osc,0.3,random_search,1
0.7666666666666667,-0.1815245478036176,-0.2790697674418605,0.0975452196382429,0.0277777777777777,low_osc,0.3,random_search,2
0.7,-0.1860465116279069,-0.2978036175710594,0.1117571059431524,-0.0277777777777777,low_osc,0.3,random_search,3
0.7333333333333333,-0.2093023255813954,-0.3488372093023255,0.1395348837209301,0.0,low_osc,0.3,random_search,4
0.7666666666666667,-0.1815245478036176,-0.3023255813953488,0.1208010335917312,0.0277777777777777,low_osc,0.3,random_search,5
0.1333333333333333,-0.0839793281653746,-0.274547803617571,0.1905684754521963,0.0277777777777777,low_osc,0.3,random_search,6
0.5666666666666667,-0.1304909560723514,-0.4651162790697675,0.3346253229974161,0.0555555555555555,low_osc,0.3,random_search,7
0.8,-0.125968992248062,-0.4838501291989664,0.3578811369509044,0.0555555555555555,low_osc,0.3,random_search,8
0.3333333333333333,-0.1627906976744185,-0.3255813953488372,0.1627906976744186,0.0,low_osc,0.3,random_search,9
0.9,-0.2325581395348837,-0.3488372093023255,0.1162790697674418,0.0,low_osc,0.3,random_search,10
0.9666666666666668,-0.1492248062015503,-0.312015503875969,0.1627906976744186,0.0,low_osc,0.3,random_search,11
0.9666666666666668,-0.2047803617571059,-0.2978036175710594,0.0930232558139535,0.0,low_osc,0.3,random_search,12
0.0,-0.0652454780361757,-0.1860465116279069,0.1208010335917312,0.0277777777777777,low_osc,0.3,random_search,13
0.2666666666666666,-0.0516795865633074,-0.3675710594315245,0.3158914728682171,0.0833333333333333,low_osc,0.3,random_search,14
1.0,-0.2325581395348837,-0.3443152454780361,0.1117571059431524,-0.0277777777777777,low_osc,0.3,random_search,15
0.7,-0.1860465116279069,-0.2790697674418605,0.0930232558139535,0.0,low_osc,0.3,random_search,16
0.5666666666666667,-0.1860465116279069,-0.3720930232558139,0.1860465116279069,0.0,low_osc,0.3,random_search,17
0.9333333333333332,-0.1770025839793281,-0.3023255813953488,0.1253229974160207,0.0555555555555555,low_osc,0.3,random_search,18
0.1666666666666666,-0.1072351421188629,-0.2467700258397932,0.1395348837209302,0.0,low_osc,0.3,random_search,19
0.5333333333333333,-0.1860465116279069,-0.2325581395348837,0.0465116279069767,0.0,low_osc,0.3,bayesian_opt,0
0.8333333333333334,-0.0465116279069767,-0.0697674418604651,0.0232558139534884,0.0,med_osc,0.1,random_search,5
0.5666666666666667,0.0322997416020671,-0.0652454780361757,0.0975452196382429,0.0277777777777777,med_osc,0.1,random_search,6
1.0,-0.0419896640826873,-0.0839793281653746,0.0419896640826873,-0.0277777777777777,med_osc,0.1,random_search,7
0.7666666666666667,-0.0187338501291989,0.0090439276485788,-0.0277777777777777,-0.0277777777777777,med_osc,0.1,random_search,8
0.8,-0.0465116279069767,-0.0465116279069767,0.0,0.0,med_osc,0.1,random_search,9
0.8,-0.0465116279069767,-0.1860465116279069,0.1395348837209302,0.0,med_osc,0.1,random_search,10
0.9333333333333332,0.0135658914728682,-0.0607235142118862,0.0742894056847545,0.0277777777777777,med_osc,0.1,random_search,11
0.8,-0.0187338501291989,-0.1117571059431524,0.0930232558139535,0.0,med_osc,0.1,random_search,12
0.4,0.0045219638242893,-0.1162790697674418,0.1208010335917312,0.0277777777777777,med_osc,0.1,random_search,13
1.0,-0.0374677002583979,-0.1304909560723514,0.0930232558139534,0.0,med_osc,0.1,random_search,14
1.0,-0.0930232558139535,-0.0465116279069767,-0.0465116279069768,0.0,med_osc,0.1,random_search,15
0.9333333333333332,-0.0465116279069767,-0.1162790697674418,0.0697674418604651,0.0,med_osc,0.1,random_search,16
0.8,-0.0465116279069767,-0.2093023255813954,0.1627906976744186,0.0,med_osc,0.1,random_search,17
0.7666666666666667,-0.0465116279069767,-0.0697674418604651,0.0232558139534884,0.0,med_osc,0.1,random_search,18
0.5333333333333333,0.0322997416020671,-0.0374677002583979,0.0697674418604651,0.0,med_osc,0.1,random_search,19
0.9666666666666668,-0.0652454780361757,-0.0652454780361757,0.0,0.0,med_osc,0.1,bayesian_opt,0
1.0,-0.0419896640826873,-0.088501291989664,0.0465116279069767,0.0,med_osc,0.1,bayesian_opt,1
0.5666666666666667,0.0045219638242893,-0.0652454780361757,0.0697674418604651,0.0,med_osc,0.1,bayesian_opt,2
1.0,-0.088501291989664,-0.1815245478036176,0.0930232558139535,0.0,med_osc,0.1,bayesian_opt,3
0.5666666666666667,-0.0232558139534884,-0.0652454780361757,0.0419896640826873,-0.0277777777777777,med_osc,0.1,bayesian_opt,4
0.8333333333333334,-0.0187338501291989,-0.1395348837209302,0.1208010335917313,0.0277777777777777,med_osc,0.1,bayesian_opt,5
0.5666666666666667,0.0045219638242893,-0.0652454780361757,0.0697674418604651,0.0,med_osc,0.1,bayesian_opt,6
0.7,0.0368217054263566,-0.0562015503875968,0.0930232558139535,0.0,med_osc,0.1,bayesian_opt,7
0.9333333333333332,-0.0697674418604651,-0.1117571059431524,0.0419896640826873,-0.0277777777777777,med_osc,0.1,bayesian_opt,8
0.4333333333333333,-0.0232558139534884,-0.2325581395348837,0.2093023255813952,0.0,med_osc,0.1,bayesian_opt,9
0.6666666666666666,-0.0465116279069767,-0.1627906976744185,0.1162790697674418,0.0,med_osc,0.1,bayesian_opt,10
0.9666666666666668,-0.0096899224806201,-0.0652454780361757,0.0555555555555555,0.0555555555555555,med_osc,0.1,bayesian_opt,11
0.3666666666666666,0.0322997416020671,-0.1117571059431524,0.1440568475452196,0.0277777777777777,med_osc,0.1,bayesian_opt,12
0.8666666666666667,-0.0465116279069767,-0.0697674418604651,0.0232558139534884,0.0,med_osc,0.1,bayesian_opt,13
0.9,-0.0419896640826873,-0.0607235142118862,0.0187338501291989,-0.0277777777777777,med_osc,0.1,bayesian_opt,14
0.9666666666666668,-0.0419896640826873,-0.1117571059431524,0.0697674418604651,0.0,med_osc,0.1,bayesian_opt,15
0.5333333333333333,-0.0232558139534884,-0.0930232558139535,0.0697674418604651,0.0,med_osc,0.1,bayesian_opt,16
0.2666666666666666,-0.0232558139534884,-0.1162790697674418,0.0930232558139534,0.0,med_osc,0.1,bayesian_opt,17
0.8,0.0368217054263566,-0.0187338501291989,0.0555555555555555,0.0555555555555555,med_osc,0.1,bayesian_opt,18
0.8333333333333334,0.0090439276485788,-0.0839793281653746,0.0930232558139535,0.0,med_osc,0.1,bayesian_opt,19
0.5333333333333333,-0.0930232558139535,-0.1860465116279069,0.0930232558139534,0.0,med_osc,0.1,successive_halving,0
0.9666666666666668,-0.1350129198966407,-0.1350129198966407,0.0,0.0,med_osc,0.1,successive_halving,1
0.4666666666666667,-0.0930232558139535,-0.0930232558139535,0.0,0.0,med_osc,0.1,successive_halving,2
0.9333333333333332,-0.1350129198966407,-0.1815245478036176,0.0465116279069768,0.0,med_osc,0.1,successive_halving,3
0.3,-0.0697674418604651,-0.1162790697674418,0.0465116279069767,0.0,med_osc,0.1,successive_halving,4
0.6666666666666666,-0.1162790697674418,-0.0697674418604651,-0.0465116279069767,0.0,med_osc,0.1,successive_halving,5
0.3666666666666666,-0.1072351421188629,-0.3210594315245477,0.2138242894056847,0.0277777777777777,low_osc,0.3,bayesian_opt,1
0.7333333333333333,-0.1537467700258398,-0.2325581395348837,0.0788113695090438,0.0555555555555555,low_osc,0.3,bayesian_opt,2
0.9666666666666668,-0.2280361757105943,-0.274547803617571,0.0465116279069767,0.0,low_osc,0.3,bayesian_opt,3
0.8666666666666667,-0.2093023255813954,-0.2512919896640827,0.0419896640826873,-0.0277777777777777,low_osc,0.3,bayesian_opt,4
1.0,-0.2280361757105943,-0.4186046511627906,0.1905684754521963,0.0277777777777777,low_osc,0.3,bayesian_opt,5
0.3333333333333333,-0.1350129198966407,-0.2047803617571059,0.0697674418604651,0.0,low_osc,0.3,bayesian_opt,6
0.9666666666666668,-0.1492248062015503,-0.1724806201550387,0.0232558139534884,0.0,low_osc,0.3,bayesian_opt,7
0.7666666666666667,0.0406976744186046,-0.2932816537467699,0.3339793281653745,0.1944444444444444,low_osc,0.3,bayesian_opt,8
0.9666666666666668,-0.2325581395348837,-0.1627906976744185,-0.0697674418604651,0.0,low_osc,0.3,bayesian_opt,9
0.4333333333333333,-0.1582687338501291,-0.2093023255813954,0.0510335917312662,0.0277777777777777,low_osc,0.3,bayesian_opt,10
0.7666666666666667,-0.1537467700258398,-0.2280361757105943,0.0742894056847545,0.0277777777777777,low_osc,0.3,bayesian_opt,11
0.4,-0.1582687338501291,-0.2978036175710594,0.1395348837209302,0.0,low_osc,0.3,bayesian_opt,12
0.8333333333333334,-0.1815245478036176,-0.1815245478036176,0.0,0.0,low_osc,0.3,bayesian_opt,13
0.9333333333333332,-0.2280361757105943,-0.2978036175710594,0.0697674418604651,0.0,low_osc,0.3,bayesian_opt,14
0.9666666666666668,-0.2047803617571059,-0.2047803617571059,0.0,0.0,low_osc,0.3,bayesian_opt,15
0.2666666666666666,-0.1350129198966407,-0.3023255813953488,0.167312661498708,0.0277777777777777,low_osc,0.3,bayesian_opt,16
0.9666666666666668,-0.2325581395348837,-0.4418604651162791,0.2093023255813954,0.0,low_osc,0.3,bayesian_opt,17
0.8,-0.2093023255813954,-0.3255813953488372,0.1162790697674418,0.0,low_osc,0.3,bayesian_opt,18
0.2666666666666666,-0.1072351421188629,-0.3397932816537468,0.2325581395348838,0.0,low_osc,0.3,bayesian_opt,19
0.9666666666666668,-0.3908268733850129,-0.2325581395348837,-0.1582687338501291,0.0277777777777777,low_osc,0.3,successive_halving,0
0.7,-0.2700258397932816,-0.2047803617571059,-0.0652454780361757,0.0277777777777777,low_osc,0.3,successive_halving,1
0.6333333333333333,-0.274547803617571,-0.2700258397932816,-0.0045219638242893,-0.0277777777777777,low_osc,0.3,successive_halving,2
0.0,-0.1582687338501291,-0.2512919896640827,0.0930232558139535,0.0,low_osc,0.3,successive_halving,3
0.9666666666666668,-0.4186046511627906,-0.3023255813953488,-0.1162790697674418,0.0,low_osc,0.3,successive_halving,4
0.2,-0.2002583979328165,-0.4186046511627906,0.2183462532299741,0.0555555555555555,low_osc,0.3,successive_halving,5
0.4666666666666667,-0.1957364341085271,-0.2280361757105943,0.0322997416020671,0.0555555555555555,low_osc,0.3,successive_halving,6
0.6,-0.2700258397932816,-0.1957364341085271,-0.0742894056847545,-0.0277777777777777,low_osc,0.3,successive_halving,7
0.9666666666666668,-0.460594315245478,-0.2047803617571059,-0.2558139534883721,0.0,low_osc,0.3,successive_halving,8
0.0,-0.1860465116279069,-0.2790697674418605,0.0930232558139535,0.0,low_osc,0.3,successive_halving,9
0.6,-0.3255813953488372,-0.2558139534883721,-0.0697674418604651,0.0,low_osc,0.3,successive_halving,10
0.6,-0.2700258397932816,-0.3165374677002583,0.0465116279069767,0.0,low_osc,0.3,successive_halving,11
0.3666666666666666,-0.2467700258397932,-0.1350129198966407,-0.1117571059431524,0.0277777777777777,low_osc,0.3,successive_halving,12
0.6333333333333333,-0.2700258397932816,-0.3023255813953488,0.0322997416020671,0.0555555555555555,low_osc,0.3,successive_halving,13
0.9,-0.3443152454780361,-0.274547803617571,-0.0697674418604651,0.0,low_osc,0.3,successive_halving,14
0.3,-0.2280361757105943,-0.1582687338501291,-0.0697674418604651,0.0,low_osc,0.3,successive_halving,15
1.0,-0.3953488372093023,-0.3023255813953488,-0.0930232558139535,0.0,low_osc,0.3,successive_halving,16
0.7666666666666667,-0.3488372093023255,-0.2325581395348837,-0.1162790697674418,0.0,low_osc,0.3,successive_halving,17
0.4666666666666667,-0.2235142118863049,-0.3488372093023255,0.1253229974160206,0.0555555555555555,low_osc,0.3,successive_halving,18
0.7333333333333333,-0.2978036175710594,-0.2235142118863049,-0.0742894056847545,-0.0277777777777777,low_osc,0.3,successive_halving,19
0.9666666666666668,-0.1582687338501291,-0.0419896640826873,-0.1162790697674418,0.0,med_osc,0.1,successive_halving,6
0.7666666666666667,-0.088501291989664,-0.0374677002583979,-0.051033591731266,-0.0277777777777777,med_osc,0.1,successive_halving,7
0.2333333333333333,-0.0419896640826873,-0.1582687338501291,0.1162790697674418,0.0,med_osc,0.1,successive_halving,8
0.9666666666666668,-0.1395348837209302,-0.1860465116279069,0.0465116279069767,0.0,med_osc,0.1,successive_halving,9
0.0666666666666666,-0.0232558139534884,-0.0930232558139535,0.0697674418604651,0.0,med_osc,0.1,successive_halving,10
1.0,-0.1537467700258398,-0.032945736434108475,-0.12080103359173133,-0.02777777777777779,med_osc,0.1,successive_halving,11
0.13333333333333333,-0.018733850129198926,-0.04198966408268734,0.023255813953488413,0.0,med_osc,0.1,successive_halving,12
0.5333333333333333,-0.08850129198966405,-0.06976744186046513,-0.018733850129198926,0.02777777777777779,med_osc,0.1,successive_halving,13
1.0,-0.2280361757105943,-0.13501291989664077,-0.09302325581395354,0.0,med_osc,0.1,successive_halving,14
0.8,-0.11175710594315247,-0.13953488372093026,0.02777777777777779,0.02777777777777779,med_osc,0.1,successive_halving,15
0.9333333333333333,-0.16279069767441856,-0.13953488372093026,-0.023255813953488302,0.0,med_osc,0.1,successive_halving,16
0.06666666666666667,-0.046511627906976716,-0.11627906976744184,0.06976744186046513,0.0,med_osc,0.1,successive_halving,17
0.8,-0.11627906976744184,-0.13953488372093026,0.023255813953488413,0.0,med_osc,0.1,successive_halving,18
0.9666666666666667,-0.15826873385012918,-0.1537467700258398,-0.004521963824289377,-0.02777777777777779,med_osc,0.1,successive_halving,19
