osc,ctrl_val,ctrl_test,ctrl_gap,trt_val,trt_test,trt_gap,delta_test,delta_gap,noise_label,noise_rate,searcher,seed
0.9333333333333333,0.021897810218978075,0.03508771929824561,0.013189909079267537,0.021897810218978075,0.02631578947368418,0.004417979254706106,0.00877192982456143,0.00877192982456143,high_osc,0.0,random_search,0
0.9,0.021897810218978075,0.03508771929824561,0.013189909079267537,0.029197080291970767,0.052631578947368474,0.023434498655397706,-0.01754385964912286,-0.01024458957613017,high_osc,0.0,random_search,1
0.9333333333333333,0.021897810218978075,0.04385964912280704,0.021961838903828967,0.029197080291970767,0.02631578947368418,-0.002881290818286586,0.01754385964912286,0.024843129722115553,high_osc,0.0,random_search,2
0.8666666666666667,0.029197080291970767,0.02631578947368418,-0.002881290818286586,0.029197080291970767,0.01754385964912286,-0.011653220642847906,0.00877192982456132,0.00877192982456132,high_osc,0.0,random_search,3
0.8333333333333334,0.021897810218978075,0.02631578947368418,0.004417979254706106,0.021897810218978075,0.02631578947368418,0.004417979254706106,0.0,0.0,high_osc,0.0,random_search,4
0.8666666666666667,0.029197080291970767,0.01754385964912286,-0.011653220642847906,0.04379562043795615,0.02631578947368418,-0.01747983096427197,-0.00877192982456132,0.005826610321424064,high_osc,0.0,random_search,5
0.9333333333333333,0.029197080291970767,0.01754385964912286,-0.011653220642847906,0.03649635036496346,0.00877192982456143,-0.02772442054040203,0.00877192982456143,0.016071199897554123,high_osc,0.0,random_search,6
0.9666666666666667,0.029197080291970767,0.03508771929824561,0.005890639006274845,0.04379562043795615,0.04385964912280704,6.402868485089197e-05,-0.00877192982456143,0.005826610321423953,high_osc,0.0,random_search,7
0.9666666666666667,0.04379562043795615,0.04385964912280704,6.402868485089197e-05,0.058394160583941646,0.04385964912280704,-0.014534511461134603,0.0,0.014598540145985495,high_osc,0.0,random_search,8
0.9666666666666667,0.029197080291970767,0.01754385964912286,-0.011653220642847906,0.04379562043795615,0.01754385964912286,-0.02625176078883329,0.0,0.014598540145985384,high_osc,0.0,random_search,9
0.9333333333333333,0.03649635036496346,0.01754385964912286,-0.018952490715840598,0.03649635036496346,0.02631578947368418,-0.010180560891279278,-0.00877192982456132,-0.00877192982456132,high_osc,0.0,random_search,10
0.9333333333333333,0.029197080291970767,0.052631578947368474,0.023434498655397706,0.021897810218978075,0.02631578947368418,0.004417979254706106,0.026315789473684292,0.0190165194006916,high_osc,0.0,random_search,11
1.0,0.051094890510948954,0.07017543859649122,0.01908054808554227,0.051094890510948954,0.02631578947368418,-0.024779101037264772,0.04385964912280704,0.04385964912280704,high_osc,0.0,random_search,12
0.8,0.021897810218978075,0.02631578947368418,0.004417979254706106,0.051094890510948954,0.03508771929824561,-0.01600717121270334,-0.00877192982456143,0.020425150467409448,high_osc,0.0,random_search,13
0.7333333333333333,0.014598540145985384,0.02631578947368418,0.011717249327698798,0.014598540145985384,0.01754385964912286,0.002945319503137478,0.00877192982456132,0.00877192982456132,high_osc,0.0,random_search,14
1.0,0.07299270072992703,0.03508771929824561,-0.03790498143168142,0.058394160583941646,0.02631578947368418,-0.032078371110257464,0.00877192982456143,-0.005826610321423953,high_osc,0.0,random_search,15
0.36666666666666664,0.007299270072992692,0.03508771929824561,0.02778844922525292,0.029197080291970767,0.02631578947368418,-0.002881290818286586,0.00877192982456143,0.030669740043539506,high_osc,0.0,random_search,16
0.7666666666666667,0.021897810218978075,0.01754385964912286,-0.004353950569855214,0.029197080291970767,0.0,-0.029197080291970767,0.01754385964912286,0.024843129722115553,high_osc,0.0,random_search,17
0.4,0.007299270072992692,0.03508771929824561,0.02778844922525292,0.014598540145985384,0.03508771929824561,0.02048917915226023,0.0,0.007299270072992692,high_osc,0.0,random_search,18
1.0,0.029197080291970767,0.01754385964912286,-0.011653220642847906,0.058394160583941646,0.02631578947368418,-0.032078371110257464,-0.00877192982456132,0.02042515046740956,high_osc,0.0,random_search,19
0.9666666666666667,0.021897810218978075,0.02631578947368418,0.004417979254706106,0.021897810218978075,0.02631578947368418,0.004417979254706106,0.0,0.0,high_osc,0.0,bayesian_opt,0
0.8333333333333334,0.021897810218978075,0.02631578947368418,0.004417979254706106,0.029197080291970767,0.052631578947368474,0.023434498655397706,-0.026315789473684292,-0.0190165194006916,high_osc,0.0,bayesian_opt,1
1.0,0.03649635036496346,0.03508771929824561,-0.001408631066717847,0.029197080291970767,0.00877192982456143,-0.020425150467409336,0.02631578947368418,0.01901651940069149,high_osc,0.0,bayesian_opt,2
0.9666666666666667,0.029197080291970767,0.03508771929824561,0.005890639006274845,0.03649635036496346,0.02631578947368418,-0.010180560891279278,0.00877192982456143,0.016071199897554123,high_osc,0.0,bayesian_opt,3
0.8,0.021897810218978075,0.02631578947368418,0.004417979254706106,0.021897810218978075,0.02631578947368418,0.004417979254706106,0.0,0.0,high_osc,0.0,bayesian_opt,4
0.9333333333333333,0.029197080291970767,0.01754385964912286,-0.011653220642847906,0.04379562043795615,0.01754385964912286,-0.02625176078883329,0.0,0.014598540145985384,high_osc,0.0,bayesian_opt,5
1.0,0.03649635036496346,0.00877192982456143,-0.02772442054040203,0.03649635036496346,0.00877192982456143,-0.02772442054040203,0.0,0.0,high_osc,0.0,bayesian_opt,6
1.0,0.03649635036496346,0.04385964912280704,0.007363298757843584,0.029197080291970767,0.03508771929824561,0.005890639006274845,0.00877192982456143,0.001472659751568739,high_osc,0.0,bayesian_opt,7
1.0,0.04379562043795615,0.04385964912280704,6.402868485089197e-05,0.058394160583941646,0.03508771929824561,-0.023306441285696033,0.00877192982456143,0.023370469970546925,high_osc,0.0,bayesian_opt,8
1.0,0.03649635036496346,0.01754385964912286,-0.018952490715840598,0.04379562043795615,0.01754385964912286,-0.02625176078883329,0.0,0.007299270072992692,high_osc,0.0,bayesian_opt,9
0.6333333333333333,0.014598540145985384,0.01754385964912286,0.002945319503137478,0.03649635036496346,0.03508771929824561,-0.001408631066717847,-0.01754385964912275,0.004353950569855325,high_osc,0.0,bayesian_opt,10
0.9333333333333333,0.021897810218978075,0.052631578947368474,0.030733768728390398,0.021897810218978075,0.03508771929824561,0.013189909079267537,0.01754385964912286,0.01754385964912286,high_osc,0.0,bayesian_opt,11
0.9666666666666667,0.04379562043795615,0.03508771929824561,-0.008707901139710539,0.058394160583941646,0.03508771929824561,-0.023306441285696033,0.0,0.014598540145985495,high_osc,0.0,bayesian_opt,12
1.0,0.03649635036496346,0.03508771929824561,-0.001408631066717847,0.03649635036496346,0.03508771929824561,-0.001408631066717847,0.0,0.0,high_osc,0.0,bayesian_opt,13
0.8333333333333334,0.014598540145985384,0.00877192982456143,-0.005826610321423953,0.021897810218978075,0.02631578947368418,0.004417979254706106,-0.01754385964912275,-0.010244589576130059,high_osc,0.0,bayesian_opt,14
1.0,0.051094890510948954,0.03508771929824561,-0.01600717121270334,0.06569343065693434,0.02631578947368418,-0.039377641183250156,0.00877192982456143,0.023370469970546814,high_osc,0.0,bayesian_opt,15
0.5666666666666667,0.007299270072992692,0.03508771929824561,0.02778844922525292,0.03649635036496346,0.02631578947368418,-0.010180560891279278,0.00877192982456143,0.0379690101165322,high_osc,0.0,bayesian_opt,16
1.0,0.029197080291970767,0.0,-0.029197080291970767,0.03649635036496346,0.0,-0.03649635036496346,0.0,0.007299270072992692,high_osc,0.0,bayesian_opt,17
0.6666666666666666,0.007299270072992692,0.03508771929824561,0.02778844922525292,0.014598540145985384,0.02631578947368418,0.011717249327698798,0.00877192982456143,0.016071199897554123,high_osc,0.0,bayesian_opt,18
1.0,0.04379562043795615,0.052631578947368474,0.008835958509412323,0.03649635036496346,0.01754385964912286,-0.018952490715840598,0.03508771929824561,0.02778844922525292,high_osc,0.0,bayesian_opt,19
0.8,0.029197080291970767,0.052631578947368474,0.023434498655397706,0.029197080291970767,0.02631578947368418,-0.002881290818286586,0.026315789473684292,0.026315789473684292,high_osc,0.0,successive_halving,0
0.7333333333333333,0.029197080291970767,0.052631578947368474,0.023434498655397706,0.021897810218978075,0.03508771929824561,0.013189909079267537,0.01754385964912286,0.01024458957613017,high_osc,0.0,successive_halving,1
0.9333333333333333,0.051094890510948954,0.02631578947368418,-0.024779101037264772,0.03649635036496346,0.02631578947368418,-0.010180560891279278,0.0,-0.014598540145985495,high_osc,0.0,successive_halving,2
0.9,0.03649635036496346,0.03508771929824561,-0.001408631066717847,0.03649635036496346,0.01754385964912286,-0.018952490715840598,0.01754385964912275,0.01754385964912275,high_osc,0.0,successive_halving,3
0.6666666666666666,0.021897810218978075,0.02631578947368418,0.004417979254706106,0.021897810218978075,0.02631578947368418,0.004417979254706106,0.0,0.0,high_osc,0.0,successive_halving,4
0.8333333333333334,0.04379562043795615,0.00877192982456143,-0.03502369061339472,0.03649635036496346,0.00877192982456143,-0.02772442054040203,0.0,-0.007299270072992692,high_osc,0.0,successive_halving,5
0.8333333333333334,0.03649635036496346,0.00877192982456143,-0.02772442054040203,0.029197080291970767,0.01754385964912286,-0.011653220642847906,-0.00877192982456143,-0.016071199897554123,high_osc,0.0,successive_halving,6
0.8,0.029197080291970767,0.03508771929824561,0.005890639006274845,0.029197080291970767,0.04385964912280704,0.014662568830836276,-0.00877192982456143,-0.00877192982456143,high_osc,0.0,successive_halving,7
0.9666666666666667,0.058394160583941646,0.03508771929824561,-0.023306441285696033,0.051094890510948954,0.052631578947368474,0.00153668843641952,-0.01754385964912286,-0.024843129722115553,high_osc,0.0,successive_halving,8
0.8333333333333334,0.029197080291970767,0.01754385964912286,-0.011653220642847906,0.04379562043795615,0.01754385964912286,-0.02625176078883329,0.0,0.014598540145985384,high_osc,0.0,successive_halving,9
0.9,0.03649635036496346,0.01754385964912286,-0.018952490715840598,0.03649635036496346,0.02631578947368418,-0.010180560891279278,-0.00877192982456132,-0.00877192982456132,high_osc,0.0,successive_halving,10
0.9333333333333333,0.029197080291970767,0.052631578947368474,0.023434498655397706,0.03649635036496346,0.04385964912280704,0.007363298757843584,0.00877192982456143,0.016071199897554123,high_osc,0.0,successive_halving,11
0.9666666666666667,0.051094890510948954,0.07017543859649122,0.01908054808554227,0.058394160583941646,0.02631578947368418,-0.032078371110257464,0.04385964912280704,0.051158919195799735,high_osc,0.0,successive_halving,12
0.6333333333333333,0.021897810218978075,0.02631578947368418,0.004417979254706106,0.029197080291970767,0.03508771929824561,0.005890639006274845,-0.00877192982456143,-0.001472659751568739,high_osc,0.0,successive_halving,13
0.43333333333333335,0.014598540145985384,0.02631578947368418,0.011717249327698798,0.014598540145985384,0.01754385964912286,0.002945319503137478,0.00877192982456132,0.00877192982456132,high_osc,0.0,successive_halving,14
1.0,0.07299270072992703,0.03508771929824561,-0.03790498143168142,0.058394160583941646,0.02631578947368418,-0.032078371110257464,0.00877192982456143,-0.005826610321423953,high_osc,0.0,successive_halving,15
0.16666666666666666,0.007299270072992692,0.03508771929824561,0.02778844922525292,0.021897810218978075,0.01754385964912286,-0.004353950569855214,0.01754385964912275,0.032142399795108134,high_osc,0.0,successive_halving,16
0.7333333333333333,0.021897810218978075,0.01754385964912286,-0.004353950569855214,0.029197080291970767,0.0,-0.029197080291970767,0.01754385964912286,0.024843129722115553,high_osc,0.0,successive_halving,17
0.5333333333333333,0.014598540145985384,0.03508771929824561,0.02048917915226023,0.014598540145985384,0.03508771929824561,0.02048917915226023,0.0,0.0,high_osc,0.0,successive_halving,18
0.7666666666666667,0.029197080291970767,0.01754385964912286,-0.011653220642847906,0.058394160583941646,0.02631578947368418,-0.032078371110257464,-0.00877192982456132,0.02042515046740956,high_osc,0.0,successive_halving,19
0.5333333333333333,0.021897810218978075,0.02631578947368418,0.004417979254706106,0.021897810218978075,0.02631578947368418,0.004417979254706106,0.0,0.0,med_osc,0.1,random_search,0
0.36666666666666664,0.029197080291970767,0.052631578947368474,0.023434498655397706,0.021897810218978075,0.052631578947368474,0.030733768728390398,0.0,-0.007299270072992692,med_osc,0.1,random_search,1
0.7666666666666667,0.021897810218978075,0.04385964912280704,0.021961838903828967,0.029197080291970767,0.00877192982456143,-0.020425150467409336,0.03508771929824561,0.042386989371238304,med_osc,0.1,random_search,2
0.8333333333333334,0.058394160583941646,0.03508771929824561,-0.023306441285696033,0.021897810218978075,0.02631578947368418,0.004417979254706106,0.00877192982456143,-0.02772442054040214,med_osc,0.1,random_search,3
0.3333333333333333,0.03649635036496346,0.02631578947368418,-0.010180560891279278,0.021897810218978075,0.02631578947368418,0.004417979254706106,0.0,-0.014598540145985384,med_osc,0.1,random_search,4
0.5333333333333333,0.029197080291970767,0.01754385964912286,-0.011653220642847906,0.03649635036496346,0.00877192982456143,-0.02772442054040203,0.00877192982456143,0.016071199897554123,med_osc,0.1,random_search,5
0.9333333333333333,0.03649635036496346,0.00877192982456143,-0.02772442054040203,0.029197080291970767,0.00877192982456143,-0.020425150467409336,0.0,-0.007299270072992692,med_osc,0.1,random_search,6
0.9666666666666667,0.029197080291970767,0.052631578947368474,0.023434498655397706,0.03649635036496346,0.03508771929824561,-0.001408631066717847,0.01754385964912286,0.024843129722115553,med_osc,0.1,random_search,7
0.9666666666666667,0.058394160583941646,0.03508771929824561,-0.023306441285696033,0.04379562043795615,0.04385964912280704,6.402868485089197e-05,-0.00877192982456143,-0.023370469970546925,med_osc,0.1,random_search,8
0.7666666666666667,0.029197080291970767,0.01754385964912286,-0.011653220642847906,0.03649635036496346,0.01754385964912286,-0.018952490715840598,0.0,0.007299270072992692,med_osc,0.1,random_search,9
0.9333333333333333,0.03649635036496346,0.01754385964912286,-0.018952490715840598,0.04379562043795615,0.01754385964912286,-0.02625176078883329,0.0,0.007299270072992692,med_osc,0.1,random_search,10
