osc,ws,ctrl_gap,trt_gap,delta_gap,ctrl_test,trt_test,delta_test,noisy_val_ctrl,noisy_val_trt,noise_label,noise_rate,searcher,seed
0.9333333333333332,0.2333333333333333,0.0131899090792675,0.0044179792547061,0.0087719298245614,0.0350877192982456,0.0263157894736841,0.0087719298245614,0.021897810218978,0.021897810218978,high_osc,0.0,random_search,0
0.9,0.2,0.0131899090792675,0.0234344986553977,-0.0102445895761301,0.0350877192982456,0.0526315789473684,-0.0175438596491228,0.021897810218978,0.0291970802919707,high_osc,0.0,random_search,1
0.9333333333333332,0.3,0.0219618389038289,-0.0028812908182865,0.0248431297221155,0.043859649122807,0.0263157894736841,0.0175438596491228,0.021897810218978,0.0291970802919707,high_osc,0.0,random_search,2
0.8666666666666667,0.1666666666666666,-0.0028812908182865,-0.0116532206428479,0.0087719298245613,0.0263157894736841,0.0175438596491228,0.0087719298245613,0.0291970802919707,0.0291970802919707,high_osc,0.0,random_search,3
0.8333333333333334,0.2333333333333333,0.0044179792547061,0.0044179792547061,0.0,0.0263157894736841,0.0263157894736841,0.0,0.021897810218978,0.021897810218978,high_osc,0.0,random_search,4
0.8666666666666667,0.1333333333333333,-0.0116532206428479,-0.0174798309642719,0.005826610321424,0.0175438596491228,0.0263157894736841,-0.0087719298245613,0.0291970802919707,0.0437956204379561,high_osc,0.0,random_search,5
0.9333333333333332,0.3333333333333333,-0.0116532206428479,-0.027724420540402,0.0160711998975541,0.0175438596491228,0.0087719298245614,0.0087719298245614,0.0291970802919707,0.0364963503649634,high_osc,0.0,random_search,6
0.9666666666666668,0.3666666666666666,0.0058906390062748,6.402868485089197e-05,0.0058266103214239,0.0350877192982456,0.043859649122807,-0.0087719298245614,0.0291970802919707,0.0437956204379561,high_osc,0.0,random_search,7
0.9666666666666668,0.2333333333333333,6.402868485089197e-05,-0.0145345114611346,0.0145985401459854,0.043859649122807,0.043859649122807,0.0,0.0437956204379561,0.0583941605839416,high_osc,0.0,random_search,8
0.9666666666666668,0.2,-0.0116532206428479,-0.0262517607888332,0.0145985401459853,0.0175438596491228,0.0175438596491228,0.0,0.0291970802919707,0.0437956204379561,high_osc,0.0,random_search,9
0.9333333333333332,0.2333333333333333,-0.0189524907158405,-0.0101805608912792,-0.0087719298245613,0.0175438596491228,0.0263157894736841,-0.0087719298245613,0.0364963503649634,0.0364963503649634,high_osc,0.0,random_search,10
0.9333333333333332,0.1,0.0234344986553977,0.0044179792547061,0.0190165194006916,0.0526315789473684,0.0263157894736841,0.0263157894736842,0.0291970802919707,0.021897810218978,high_osc,0.0,random_search,11
1.0,0.0,0.0190805480855422,-0.0247791010372647,0.043859649122807,0.0701754385964912,0.0263157894736841,0.043859649122807,0.0510948905109489,0.0510948905109489,high_osc,0.0,random_search,12
0.8,0.3666666666666666,0.0044179792547061,-0.0160071712127033,0.0204251504674094,0.0263157894736841,0.0350877192982456,-0.0087719298245614,0.021897810218978,0.0510948905109489,high_osc,0.0,random_search,13
0.7333333333333333,0.2,0.0117172493276987,0.0029453195031374,0.0087719298245613,0.0263157894736841,0.0175438596491228,0.0087719298245613,0.0145985401459853,0.0145985401459853,high_osc,0.0,random_search,14
1.0,0.2,-0.0379049814316814,-0.0320783711102574,-0.0058266103214239,0.0350877192982456,0.0263157894736841,0.0087719298245614,0.072992700729927,0.0583941605839416,high_osc,0.0,random_search,15
0.3666666666666666,0.2333333333333333,0.0277884492252529,-0.0028812908182865,0.0306697400435395,0.0350877192982456,0.0263157894736841,0.0087719298245614,0.0072992700729926,0.0291970802919707,high_osc,0.0,random_search,16
0.7666666666666667,0.0333333333333333,-0.0043539505698552,-0.0291970802919707,0.0248431297221155,0.0175438596491228,0.0,0.0175438596491228,0.021897810218978,0.0291970802919707,high_osc,0.0,random_search,17
0.4,0.2666666666666666,0.0277884492252529,0.0204891791522602,0.0072992700729926,0.0350877192982456,0.0350877192982456,0.0,0.0072992700729926,0.0145985401459853,high_osc,0.0,random_search,18
1.0,0.3333333333333333,-0.0116532206428479,-0.0320783711102574,0.0204251504674095,0.0175438596491228,0.0263157894736841,-0.0087719298245613,0.0291970802919707,0.0583941605839416,high_osc,0.0,random_search,19
0.9666666666666668,0.3666666666666666,0.0044179792547061,0.0044179792547061,0.0,0.0263157894736841,0.0263157894736841,0.0,0.021897810218978,0.021897810218978,high_osc,0.0,bayesian_opt,0
0.8333333333333334,0.2,0.0044179792547061,0.0234344986553977,-0.0190165194006916,0.0263157894736841,0.0526315789473684,-0.0263157894736842,0.021897810218978,0.0291970802919707,high_osc,0.0,bayesian_opt,1
1.0,0.2666666666666666,-0.0014086310667178,-0.0204251504674093,0.0190165194006914,0.0350877192982456,0.0087719298245614,0.0263157894736841,0.0364963503649634,0.0291970802919707,high_osc,0.0,bayesian_opt,2
0.9666666666666668,0.0333333333333333,0.0058906390062748,-0.0101805608912792,0.0160711998975541,0.0350877192982456,0.0263157894736841,0.0087719298245614,0.0291970802919707,0.0364963503649634,high_osc,0.0,bayesian_opt,3
0.8,0.2,0.0044179792547061,0.0044179792547061,0.0,0.0263157894736841,0.0263157894736841,0.0,0.021897810218978,0.021897810218978,high_osc,0.0,bayesian_opt,4
0.9333333333333332,0.1,-0.0116532206428479,-0.0262517607888332,0.0145985401459853,0.0175438596491228,0.0175438596491228,0.0,0.0291970802919707,0.0437956204379561,high_osc,0.0,bayesian_opt,5
1.0,0.4,-0.027724420540402,-0.027724420540402,0.0,0.0087719298245614,0.0087719298245614,0.0,0.0364963503649634,0.0364963503649634,high_osc,0.0,bayesian_opt,6
1.0,0.0666666666666666,0.0073632987578435,0.0058906390062748,0.0014726597515687,0.043859649122807,0.0350877192982456,0.0087719298245614,0.0364963503649634,0.0291970802919707,high_osc,0.0,bayesian_opt,7
1.0,0.1,6.402868485089197e-05,-0.023306441285696,0.0233704699705469,0.043859649122807,0.0350877192982456,0.0087719298245614,0.0437956204379561,0.0583941605839416,high_osc,0.0,bayesian_opt,8
1.0,0.2666666666666666,-0.0189524907158405,-0.0262517607888332,0.0072992700729926,0.0175438596491228,0.0175438596491228,0.0,0.0364963503649634,0.0437956204379561,high_osc,0.0,bayesian_opt,9
0.6333333333333333,0.1333333333333333,0.0029453195031374,-0.0014086310667178,0.0043539505698553,0.0175438596491228,0.0350877192982456,-0.0175438596491227,0.0145985401459853,0.0364963503649634,high_osc,0.0,bayesian_opt,10
0.9333333333333332,0.0333333333333333,0.0307337687283903,0.0131899090792675,0.0175438596491228,0.0526315789473684,0.0350877192982456,0.0175438596491228,0.021897810218978,0.021897810218978,high_osc,0.0,bayesian_opt,11
0.9666666666666668,0.3,-0.0087079011397105,-0.023306441285696,0.0145985401459854,0.0350877192982456,0.0350877192982456,0.0,0.0437956204379561,0.0583941605839416,high_osc,0.0,bayesian_opt,12
1.0,0.2333333333333333,-0.0014086310667178,-0.0014086310667178,0.0,0.0350877192982456,0.0350877192982456,0.0,0.0364963503649634,0.0364963503649634,high_osc,0.0,bayesian_opt,13
0.8333333333333334,0.1333333333333333,-0.0058266103214239,0.0044179792547061,-0.01024458957613,0.0087719298245614,0.0263157894736841,-0.0175438596491227,0.0145985401459853,0.021897810218978,high_osc,0.0,bayesian_opt,14
1.0,0.3666666666666666,-0.0160071712127033,-0.0393776411832501,0.0233704699705468,0.0350877192982456,0.0263157894736841,0.0087719298245614,0.0510948905109489,0.0656934306569343,high_osc,0.0,bayesian_opt,15
0.5666666666666667,0.1333333333333333,0.0277884492252529,-0.0101805608912792,0.0379690101165322,0.0350877192982456,0.0263157894736841,0.0087719298245614,0.0072992700729926,0.0364963503649634,high_osc,0.0,bayesian_opt,16
1.0,0.3333333333333333,-0.0291970802919707,-0.0364963503649634,0.0072992700729926,0.0,0.0,0.0,0.0291970802919707,0.0364963503649634,high_osc,0.0,bayesian_opt,17
0.6666666666666666,0.1333333333333333,0.0277884492252529,0.0117172493276987,0.0160711998975541,0.0350877192982456,0.0263157894736841,0.0087719298245614,0.0072992700729926,0.0145985401459853,high_osc,0.0,bayesian_opt,18
1.0,0.5,0.0088359585094123,-0.0189524907158405,0.0277884492252529,0.0526315789473684,0.0175438596491228,0.0350877192982456,0.0437956204379561,0.0364963503649634,high_osc,0.0,bayesian_opt,19
0.8,0.2,0.0234344986553977,-0.0028812908182865,0.0263157894736842,0.0526315789473684,0.0263157894736841,0.0263157894736842,0.0291970802919707,0.0291970802919707,high_osc,0.0,successive_halving,0
0.7333333333333333,0.2666666666666666,0.0234344986553977,0.0131899090792675,0.0102445895761301,0.0526315789473684,0.0350877192982456,0.0175438596491228,0.0291970802919707,0.021897810218978,high_osc,0.0,successive_halving,1
0.9333333333333332,0.0333333333333333,-0.0247791010372647,-0.0101805608912792,-0.0145985401459854,0.0263157894736841,0.0263157894736841,0.0,0.0510948905109489,0.0364963503649634,high_osc,0.0,successive_halving,2
0.9,0.0333333333333333,-0.0014086310667178,-0.0189524907158405,0.0175438596491227,0.0350877192982456,0.0175438596491228,0.0175438596491227,0.0364963503649634,0.0364963503649634,high_osc,0.0,successive_halving,3
0.6666666666666666,0.2,0.0044179792547061,0.0044179792547061,0.0,0.0263157894736841,0.0263157894736841,0.0,0.021897810218978,0.021897810218978,high_osc,0.0,successive_halving,4
0.8333333333333334,0.2333333333333333,-0.0350236906133947,-0.027724420540402,-0.0072992700729926,0.0087719298245614,0.0087719298245614,0.0,0.0437956204379561,0.0364963503649634,high_osc,0.0,successive_halving,5
0.8333333333333334,0.3,-0.027724420540402,-0.0116532206428479,-0.0160711998975541,0.0087719298245614,0.0175438596491228,-0.0087719298245614,0.0364963503649634,0.0291970802919707,high_osc,0.0,successive_halving,6
0.8,0.2666666666666666,0.0058906390062748,0.0146625688308362,-0.0087719298245614,0.0350877192982456,0.043859649122807,-0.0087719298245614,0.0291970802919707,0.0291970802919707,high_osc,0.0,successive_halving,7
0.9666666666666668,0.2,-0.023306441285696,0.0015366884364195,-0.0248431297221155,0.0350877192982456,0.0526315789473684,-0.0175438596491228,0.0583941605839416,0.0510948905109489,high_osc,0.0,successive_halving,8
0.8333333333333334,0.1333333333333333,-0.0116532206428479,-0.0262517607888332,0.0145985401459853,0.0175438596491228,0.0175438596491228,0.0,0.0291970802919707,0.0437956204379561,high_osc,0.0,successive_halving,9
0.9,0.2333333333333333,-0.0189524907158405,-0.0101805608912792,-0.0087719298245613,0.0175438596491228,0.0263157894736841,-0.0087719298245613,0.0364963503649634,0.0364963503649634,high_osc,0.0,successive_halving,10
0.9333333333333332,0.1,0.0234344986553977,0.0073632987578435,0.0160711998975541,0.0526315789473684,0.043859649122807,0.0087719298245614,0.0291970802919707,0.0364963503649634,high_osc,0.0,successive_halving,11
0.9666666666666668,0.0333333333333333,0.0190805480855422,-0.0320783711102574,0.0511589191957997,0.0701754385964912,0.0263157894736841,0.043859649122807,0.0510948905109489,0.0583941605839416,high_osc,0.0,successive_halving,12
0.6333333333333333,0.2666666666666666,0.0044179792547061,0.0058906390062748,-0.0014726597515687,0.0263157894736841,0.0350877192982456,-0.0087719298245614,0.021897810218978,0.0291970802919707,high_osc,0.0,successive_halving,13
0.4333333333333333,0.3,0.0117172493276987,0.0029453195031374,0.0087719298245613,0.0263157894736841,0.0175438596491228,0.0087719298245613,0.0145985401459853,0.0145985401459853,high_osc,0.0,successive_halving,14
1.0,0.1333333333333333,-0.0379049814316814,-0.0320783711102574,-0.0058266103214239,0.0350877192982456,0.0263157894736841,0.0087719298245614,0.072992700729927,0.0583941605839416,high_osc,0.0,successive_halving,15
0.1666666666666666,0.1666666666666666,0.0277884492252529,-0.0043539505698552,0.0321423997951081,0.0350877192982456,0.0175438596491228,0.0175438596491227,0.0072992700729926,0.021897810218978,high_osc,0.0,successive_halving,16
0.7333333333333333,0.0666666666666666,-0.0043539505698552,-0.0291970802919707,0.0248431297221155,0.0175438596491228,0.0,0.0175438596491228,0.021897810218978,0.0291970802919707,high_osc,0.0,successive_halving,17
0.5333333333333333,0.1,0.0204891791522602,0.0204891791522602,0.0,0.0350877192982456,0.0350877192982456,0.0,0.0145985401459853,0.0145985401459853,high_osc,0.0,successive_halving,18
0.7666666666666667,0.2666666666666666,-0.0116532206428479,-0.0320783711102574,0.0204251504674095,0.0175438596491228,0.0263157894736841,-0.0087719298245613,0.0291970802919707,0.0583941605839416,high_osc,0.0,successive_halving,19
0.5333333333333333,0.2333333333333333,-0.0612754514022282,-0.0320783711102574,-0.0291970802919707,0.0263157894736841,0.0263157894736841,0.0,0.0875912408759124,0.0583941605839416,med_osc,0.1,random_search,0
0.3666666666666666,0.2,-0.0203611217825585,-0.056857472147522,0.0364963503649634,0.0526315789473684,0.0526315789473684,0.0,0.072992700729927,0.1094890510948904,med_osc,0.1,random_search,1
0.7666666666666667,0.2666666666666666,-0.0583301318990907,-0.1080163913433217,0.0496862594442309,0.043859649122807,0.0087719298245614,0.0350877192982456,0.1021897810218978,0.1167883211678831,med_osc,0.1,random_search,2
0.8333333333333334,0.2,-0.0671020617236521,-0.1123703419131771,0.045268280189525,0.0350877192982456,0.0263157894736841,0.0087719298245614,0.1021897810218978,0.1386861313868613,med_osc,0.1,random_search,3
0.3333333333333333,0.0333333333333333,-0.0466769112562428,-0.0977718017671916,0.0510948905109488,0.0263157894736841,0.0263157894736841,0.0,0.072992700729927,0.1240875912408758,med_osc,0.1,random_search,4
0.5333333333333333,0.1,-0.0700473812267895,-0.0934178511973363,0.0233704699705468,0.0175438596491228,0.0087719298245614,0.0087719298245614,0.0875912408759124,0.1021897810218978,med_osc,0.1,random_search,5
0.9333333333333332,0.2,-0.100717121270329,-0.1153156614163144,0.0145985401459853,0.0087719298245614,0.0087719298245614,0.0,0.1094890510948904,0.1240875912408758,med_osc,0.1,random_search,6
0.9666666666666668,0.2,-0.0641567422205147,-0.1254962223075938,0.0613394800870791,0.0526315789473684,0.0350877192982456,0.0175438596491228,0.1167883211678831,0.1605839416058394,med_osc,0.1,random_search,7
0.9666666666666668,0.1333333333333333,-0.1035984120886157,-0.0802279421180688,-0.0233704699705469,0.0350877192982456,0.043859649122807,-0.0087719298245614,0.1386861313868613,0.1240875912408758,med_osc,0.1,random_search,8
0.7666666666666667,0.2333333333333333,-0.0846459213727749,-0.1357408118837239,0.0510948905109489,0.0175438596491228,0.0175438596491228,0.0,0.1021897810218978,0.1532846715328467,med_osc,0.1,random_search,9
0.9333333333333332,0.1666666666666666,-0.0846459213727749,-0.1430400819567165,0.0583941605839416,0.0175438596491228,0.0175438596491228,0.0,0.1021897810218978,0.1605839416058394,med_osc,0.1,random_search,10
0.5666666666666667,0.2333333333333333,-0.0525035215776668,-0.1473940325265719,0.0948905109489051,0.0350877192982456,0.0350877192982456,0.0,0.0875912408759124,0.1824817518248175,med_osc,0.1,random_search,11
0.9666666666666668,,-0.0393136124983992,-0.1123703419131771,0.0730567294147779,,,0.043859649122807,,,med_osc,0.1,random_search,12
0.6,,-0.0612754514022282,-0.0817006018696375,0.0204251504674093,,,-0.0087719298245614,,,med_osc,0.1,random_search,13
0.3,,-0.0627481111537968,-0.1372134716352926,0.0744653604814957,,,0.0087719298245614,,,med_osc,0.1,random_search,14
1.0,,-0.0699833525419387,-0.1619925726725573,0.0920092201306185,,,0.0263157894736841,,,med_osc,0.1,random_search,15
0.4333333333333333,,-0.0539761813292355,-0.0846459213727749,0.0306697400435393,,,0.0087719298245613,,,med_osc,0.1,random_search,16
0.8333333333333334,,-0.0846459213727749,-0.145985401459854,0.0613394800870791,,,0.0175438596491228,,,med_osc,0.1,random_search,17
0.1666666666666666,,-0.0306057113586887,-0.0656294019720834,0.0350236906133947,,,-0.0087719298245614,,,med_osc,0.1,random_search,18
0.8666666666666667,,-0.0846459213727749,-0.090472531694199,0.005826610321424,,,-0.0087719298245613,,,med_osc,0.1,random_search,19
0.8333333333333334,,-0.0612754514022282,-0.0685747214752209,0.0072992700729926,,,0.0,,,med_osc,0.1,bayesian_opt,0
0.8333333333333334,,-0.0422589320015366,-0.0495582020745293,0.0072992700729926,,,0.0,,,med_osc,0.1,bayesian_opt,1
0.4666666666666667,,-0.0554488410808041,-0.0715200409783582,0.0160711998975541,,,0.0087719298245614,,,med_osc,0.1,bayesian_opt,2
0.9666666666666668,,-0.0685747214752209,-0.0700473812267895,0.0014726597515686,,,0.0087719298245613,,,med_osc,0.1,bayesian_opt,3
0.5666666666666667,,-0.0276603918555512,-0.1123703419131771,0.0847099500576259,,,0.0263157894736842,,,med_osc,0.1,bayesian_opt,4
0.9666666666666668,,-0.1094890510948904,-0.0831732616212063,-0.0263157894736841,,,-0.0263157894736841,,,med_osc,0.1,bayesian_opt,5
0.8666666666666667,,-0.0861185811243436,-0.0846459213727749,-0.0014726597515687,,,-0.0087719298245614,,,med_osc,0.1,bayesian_opt,6
0.6333333333333333,,-0.0276603918555512,-0.102125752337047,0.0744653604814957,,,0.0087719298245614,,,med_osc,0.1,bayesian_opt,7
0.9666666666666668,,-0.0656294019720834,-0.0699833525419387,0.0043539505698553,,,-0.0175438596491227,,,med_osc,0.1,bayesian_opt,8
0.8666666666666667,,-0.0773466512997822,-0.0992444615187603,0.021897810218978,,,0.0,,,med_osc,0.1,bayesian_opt,9
0.7666666666666667,,-0.0685747214752209,-0.1430400819567165,0.0744653604814956,,,0.0087719298245613,,,med_osc,0.1,bayesian_opt,10
0.4666666666666667,,-0.0379049814316814,-0.1269688820591625,0.0890639006274811,,,0.0087719298245614,,,med_osc,0.1,bayesian_opt,11
0.9666666666666668,,-0.0744013317966448,-0.0962991420156229,0.021897810218978,,,0.0,,,med_osc,0.1,bayesian_opt,12
0.8333333333333334,,-0.0598027916506594,-0.1473940325265719,0.0875912408759124,,,0.0,,,med_osc,0.1,bayesian_opt,13
0.9,,-0.0685747214752209,-0.0846459213727749,0.016071199897554,,,0.0087719298245613,,,med_osc,0.1,bayesian_opt,14
1.0,,-0.0889998719426302,-0.163465232424126,0.0744653604814957,,,0.0087719298245614,,,med_osc,0.1,bayesian_opt,15
1.0,,-0.0656294019720834,-0.0612754514022282,-0.0043539505698552,,,0.0175438596491228,,,med_osc,0.1,bayesian_opt,16
0.9333333333333332,,-0.1094890510948904,-0.1313868613138685,0.021897810218978,,,0.0,,,med_osc,0.1,bayesian_opt,17
0.4,,-0.0291330516071199,-0.051030861826098,0.021897810218978,,,0.0,,,med_osc,0.1,bayesian_opt,18
0.9333333333333332,,-0.0831732616212063,-0.1196696119861698,0.0364963503649635,,,0.0,,,med_osc,0.1,bayesian_opt,19
0.6333333333333333,,-0.0889998719426302,-0.0671020617236521,-0.021897810218978,,,0.0,,,med_osc,0.1,successive_halving,0
0.8,,-0.0860545524394928,-0.1006530925854782,0.0145985401459853,,,0.0,,,med_osc,0.1,successive_halving,1
0.2666666666666666,,-0.0758739915482136,-0.1576386221027019,0.0817646305544883,,,0.0087719298245613,,,med_osc,0.1,successive_halving,2
0.9,,-0.1254962223075938,-0.1138430016647457,-0.0116532206428481,,,0.0175438596491227,,,med_osc,0.1,successive_halving,3
0.8333333333333334,,-0.1269688820591625,-0.1196696119861698,-0.0072992700729926,,,0.0,,,med_osc,0.1,successive_halving,4
0.8666666666666667,,-0.1254962223075938,-0.0846459213727749,-0.0408503009348188,,,0.0175438596491227,,,med_osc,0.1,successive_halving,5
0.5333333333333333,,-0.106543731591753,-0.106543731591753,0.0,,,0.0,,,med_osc,0.1,successive_halving,6
0.9,,-0.1400947624535792,-0.0889998719426302,-0.0510948905109489,,,0.0,,,med_osc,0.1,successive_halving,7
0.5666666666666667,,-0.0817006018696375,-0.0583301318990907,-0.0233704699705468,,,-0.0087719298245614,,,med_osc,0.1,successive_halving,8
0.8333333333333334,,-0.1284415418107312,-0.0992444615187603,-0.0291970802919708,,,0.0,,,med_osc,0.1,successive_halving,9
0.1,,-0.051030861826098,-0.1196696119861698,0.0686387501600718,,,0.0175438596491228,,,med_osc,0.1,successive_halving,10
0.5,,-0.0466128825713919,-0.0583301318990907,0.0117172493276987,,,0.0263157894736841,,,med_osc,0.1,successive_halving,11
0.8666666666666667,,-0.0831092329363555,-0.1488666922781406,0.0657574593417851,,,0.043859649122807,,,med_osc,0.1,successive_halving,12
0.2666666666666666,,-0.0685747214752209,-0.0685747214752209,0.0,,,0.0,,,med_osc,0.1,successive_halving,13
0.1666666666666666,,-0.0349596619285439,-0.100717121270329,0.0657574593417851,,,0.043859649122807,,,med_osc,0.1,successive_halving,14
1.0,,-0.1619925726725573,-0.1269688820591625,-0.0350236906133947,,,0.0087719298245614,,,med_osc,0.1,successive_halving,15
0.9,,-0.1327954923805865,-0.1123703419131771,-0.0204251504674093,,,0.0087719298245614,,,med_osc,0.1,successive_halving,16
0.6,,-0.1138430016647457,-0.0948905109489051,-0.0189524907158405,,,0.0175438596491228,,,med_osc,0.1,successive_halving,17
0.3,,-0.040786272249968,-0.0875272121910615,0.0467409399410935,,,0.0175438596491227,,,med_osc,0.1,successive_halving,18
0.5,,-0.0992444615187603,-0.1196696119861698,0.0204251504674095,,,-0.0087719298245613,,,med_osc,0.1,successive_halving,19
0.4666666666666667,,-0.2203867332564989,-0.2860801639134332,0.0656934306569343,,,0.0,,,low_osc,0.3,random_search,0
0.3333333333333333,,-0.1882443334613907,-0.2787808938404404,0.0905365603790497,,,0.0175438596491228,,,low_osc,0.3,random_search,1
0.6,,-0.2189140735049302,-0.2686003329491612,0.0496862594442309,,,0.0350877192982456,,,low_osc,0.3,random_search,2
0.8333333333333334,,-0.242284543475477,-0.2744269432705851,0.0321423997951081,,,0.0175438596491227,,,low_osc,0.3,random_search,3
0.6,,-0.2101421436803687,-0.2875528236650019,0.0774106799846331,,,0.0263157894736842,,,low_osc,0.3,random_search,4
0.6666666666666666,,-0.2262133435779229,-0.3415930336790882,0.1153796901011653,,,0.0350877192982456,,,low_osc,0.3,random_search,5
0.9333333333333332,,-0.2831988730951466,-0.2977974132411319,0.0145985401459853,,,0.0,,,low_osc,0.3,random_search,6
0.3666666666666666,,-0.2057881931105135,-0.2919067742348572,0.0861185811243436,,,-0.0087719298245614,,,low_osc,0.3,random_search,7
0.1666666666666666,,-0.1897169932129594,-0.394096555256755,0.2043795620437956,,,0.0,,,low_osc,0.3,random_search,8
0.5666666666666667,,-0.2379305929056216,-0.2890254834165705,0.0510948905109488,,,0.0,,,low_osc,0.3,random_search,9
1.0,,-0.3109232936355487,-0.252529133051607,-0.0583941605839416,,,0.0,,,low_osc,0.3,random_search,10
0.1,,-0.1824177231399666,-0.2948520937379947,0.112434370598028,,,0.0175438596491228,,,low_osc,0.3,random_search,11
1.0,,-0.2363939044692021,-0.2802535535920092,0.043859649122807,,,0.043859649122807,,,low_osc,0.3,random_search,12
0.8666666666666667,,-0.2495838135484697,-0.2291586630810603,-0.0204251504674093,,,0.0087719298245614,,,low_osc,0.3,random_search,13
0.1,,-0.2087335126136508,-0.3620181841464975,0.1532846715328467,,,0.0,,,low_osc,0.3,random_search,14
0.4666666666666667,,-0.1589832244845691,-0.2875528236650019,0.1285695991804327,,,0.0701754385964912,,,low_osc,0.3,random_search,15
0.2,,-0.2145601229350749,-0.2437572032270457,0.0291970802919707,,,0.0,,,low_osc,0.3,random_search,16
0.1333333333333333,,-0.1721731335638366,-0.3211678832116789,0.1489947496478422,,,0.0614035087719297,,,low_osc,0.3,random_search,17
0.3666666666666666,,-0.2057881931105135,-0.2627096939428863,0.0569215008323727,,,-0.0087719298245614,,,low_osc,0.3,random_search,18
0.3333333333333333,,-0.2218593930080676,-0.2394032526571904,0.0175438596491227,,,0.0175438596491227,,,low_osc,0.3,random_search,19
0.7333333333333333,,-0.2276860033294916,-0.2276860033294916,0.0,,,0.0,,,low_osc,0.3,bayesian_opt,0
0.23333333333333334,,-0.1619285439877065,-0.27878089384044047,0.11685234985273396,,,0.04385964912280704,,,low_osc,0.3,bayesian_opt,1
0.9666666666666667,,-0.2495838135484697,-0.33429376360609553,0.08470995005762583,,,0.02631578947368418,,,low_osc,0.3,bayesian_opt,2
0.9666666666666667,,-0.2568830836214624,-0.3021513638109874,0.045268280189525,,,0.00877192982456143,,,low_osc,0.3,bayesian_opt,3
0.6666666666666666,,-0.23645793315405306,-0.22185939300806767,-0.014598540145985384,,,0.0,,,low_osc,0.3,bayesian_opt,4
0.8666666666666667,,-0.25982840312459976,-0.3021513638109874,0.042322960686387634,,,-0.00877192982456132,,,low_osc,0.3,bayesian_opt,5
0.9,,-0.2613010628761685,-0.3255218337815341,0.0642207709053656,,,-0.00877192982456143,,,low_osc,0.3,bayesian_opt,6
0.8666666666666667,,-0.21596875400179283,-0.27000896401587904,0.05404021001408621,,,0.01754385964912275,,,low_osc,0.3,bayesian_opt,7
1.0,,-0.242284543475477,-0.3357023946728134,0.09341785119733637,,,-0.00877192982456143,,,low_osc,0.3,bayesian_opt,8
0.6,,-0.24522986297861438,-0.303624023562556,0.058394160583941646,,,0.0,,,low_osc,0.3,bayesian_opt,9
0.4666666666666667,,-0.22915866308106037,-0.36201818414649756,0.1328595210654372,,,0.00877192982456132,,,low_osc,0.3,bayesian_opt,10
0.9666666666666667,,-0.23933922397233953,-0.2714816237674478,0.032142399795108245,,,0.01754385964912286,,,low_osc,0.3,bayesian_opt,11
0.9,,-0.2262133435779229,-0.33864771417595085,0.11243437059802797,,,0.01754385964912286,,,low_osc,0.3,bayesian_opt,12
0.16666666666666666,,-0.2072608528620823,-0.25541042386989365,0.048149571007811365,,,-0.01754385964912286,,,low_osc,0.3,bayesian_opt,13
0.23333333333333334,,-0.19118965296452806,-0.32699449353310284,0.13580484056857478,,,0.02631578947368418,,,low_osc,0.3,bayesian_opt,14
0.9666666666666667,,-0.22326802407478552,-0.28608016391343327,0.06281213983864775,,,0.02631578947368418,,,low_osc,0.3,bayesian_opt,15
0.3,,-0.2072608528620823,-0.26712767319759245,0.05986682033551016,,,0.00877192982456132,,,low_osc,0.3,bayesian_opt,16
0.2,,-0.23357664233576647,-0.3109232936355487,0.07734665129978224,,,-0.01754385964912286,,,low_osc,0.3,bayesian_opt,17
0.1,,-0.14880266359328975,-0.31527724420540404,0.1664745806121143,,,0.03508771929824561,,,low_osc,0.3,bayesian_opt,18
0.8666666666666667,,-0.2686003329491612,-0.24375720322704575,-0.024843129722115442,,,-0.01754385964912275,,,low_osc,0.3,bayesian_opt,19
0.3333333333333333,,-0.24811115379690096,-0.30067870405941866,0.05256755026251769,,,0.00877192982456143,,,low_osc,0.3,successive_halving,0
0.5666666666666667,,-0.25829171468818035,-0.2568830836214624,-0.001408631066717958,,,0.03508771929824561,,,low_osc,0.3,successive_halving,1
0.8333333333333334,,-0.30503265462927387,-0.3401203739275195,0.03508771929824561,,,0.03508771929824561,,,low_osc,0.3,successive_halving,2
0.4,,-0.2714816237674478,-0.25982840312459976,-0.011653220642848017,,,0.01754385964912275,,,low_osc,0.3,successive_halving,3
0.26666666666666666,,-0.2568830836214624,-0.32404917402996547,0.06716609040850308,,,0.00877192982456143,,,low_osc,0.3,successive_halving,4
0.9666666666666667,,-0.34300166474580607,-0.29779741324113196,-0.04520425150467411,,,0.03508771929824561,,,low_osc,0.3,successive_halving,5
0.7,,-0.3109232936355487,-0.3474196440005122,0.03649635036496346,,,0.0,,,low_osc,0.3,successive_halving,6
0.4666666666666667,,-0.2685363042643104,-0.3065053143808426,0.0379690101165322,,,0.00877192982456143,,,low_osc,0.3,successive_halving,7
0.7333333333333333,,-0.30067870405941866,-0.28460750416186453,-0.016071199897554123,,,-0.00877192982456143,,,low_osc,0.3,successive_halving,8
0.6,,-0.2963247534895632,-0.230631322832629,-0.06569343065693423,,,0.0,,,low_osc,0.3,successive_halving,9
0.36666666666666664,,-0.28902548341657053,-0.27442694327058514,-0.014598540145985384,,,0.0,,,low_osc,0.3,successive_halving,10
0.13333333333333333,,-0.22038673325649893,-0.30797797413241135,0.08759124087591241,,,0.0,,,low_osc,0.3,successive_halving,11
0.43333333333333335,,-0.23639390446920217,-0.2641823536944551,0.02778844922525292,,,0.03508771929824561,,,low_osc,0.3,successive_halving,12
0.16666666666666666,,-0.25105647330003844,-0.23645793315405306,-0.014598540145985384,,,0.0,,,low_osc,0.3,successive_halving,13
0.1,,-0.19554360353438338,-0.2686003329491612,0.07305672941477781,,,0.04385964912280704,,,low_osc,0.3,successive_halving,14
0.9,,-0.30797797413241135,-0.23645793315405306,-0.07152004097835829,,,0.00877192982456143,,,low_osc,0.3,successive_halving,15
0.2,,-0.24081188372390827,-0.28608016391343327,0.045268280189525,,,0.00877192982456143,,,low_osc,0.3,successive_halving,16
0.36666666666666664,,-0.25541042386989365,-0.2846715328467153,0.02926110897682166,,,0.04385964912280704,,,low_osc,0.3,successive_halving,17
0.8333333333333334,,-0.2977333845562812,-0.2043155333589448,-0.09341785119733637,,,0.00877192982456143,,,low_osc,0.3,successive_halving,18
0.0,,-0.1853630426431041,-0.3021513638109874,0.11678832116788329,,,0.0,,,low_osc,0.3,successive_halving,19
