noise_label,noise_rate,searcher,seed,osc,ctrl_gap,trt_gap,delta_gap
high_osc,0.0,random_search,0,0.975,0.1463289911285125,0.0780959824695144,0.068233008658998
high_osc,0.0,random_search,1,0.825,0.1158504195256,0.1697473285447027,-0.0538969090191027
high_osc,0.0,random_search,2,0.925,0.0463433652229761,0.074299895509625,-0.0279565302866489
high_osc,0.0,random_search,3,1.0,-0.0075752161694915,0.0600822350834157,-0.0676574512529072
high_osc,0.0,random_search,4,0.725,0.1207559949026558,0.1125139701564594,0.0082420247461963
high_osc,0.0,random_search,5,0.925,-0.0006254424660951,-0.1167575579813453,0.1161321155152501
high_osc,0.0,random_search,6,0.85,0.0132448441346607,0.1403400474949275,-0.1270952033602668
high_osc,0.0,random_search,7,0.975,0.0286329141254244,0.1557400738522003,-0.1271071597267759
high_osc,0.0,random_search,8,0.95,0.011719138199414,0.0152745373492578,-0.0035553991498438
high_osc,0.0,random_search,9,1.0,-0.0976462331089466,-0.0597660907827423,-0.0378801423262042
high_osc,0.0,random_search,10,1.0,-0.0977019667258407,0.1078488256656408,-0.2055507923914815
high_osc,0.0,random_search,11,0.925,-0.068722692644229,-0.1435201973063151,0.0747975046620861
high_osc,0.0,random_search,12,0.95,0.0974195886796551,0.1291639129746515,-0.0317443242949964
high_osc,0.0,random_search,13,0.95,0.0640010967350288,0.035380193328067,0.0286209034069617
high_osc,0.0,random_search,14,0.95,-0.0276758308929555,-0.2130321545511078,0.1853563236581522
high_osc,0.0,bayesian_opt,0,0.975,0.1422342512171811,0.0580097047173258,0.0842245464998553
high_osc,0.0,bayesian_opt,1,0.875,0.1338008640104102,0.1650375333853955,-0.0312366693749852
high_osc,0.0,bayesian_opt,2,0.975,0.0659609930930327,0.0984342466102291,-0.0324732535171964
high_osc,0.0,bayesian_opt,3,1.0,0.0113398317246175,0.0636423111466966,-0.0523024794220791
high_osc,0.0,bayesian_opt,4,0.7,0.1251657677162591,0.1261369298290471,-0.000971162112788
high_osc,0.0,bayesian_opt,5,0.925,-0.0052269423164198,-0.1295790211318375,0.1243520788154176
high_osc,0.0,bayesian_opt,6,0.925,0.0417837962496672,0.1965258564823768,-0.1547420602327096
high_osc,0.0,bayesian_opt,7,0.9,0.0558847324760221,0.145808056461432,-0.0899233239854099
high_osc,0.0,bayesian_opt,8,0.95,-0.0049469623148981,0.0080885804023375,-0.0130355427172356
high_osc,0.0,bayesian_opt,9,0.95,-0.1065242245380434,-0.1111322018421199,0.0046079773040764
high_osc,0.0,bayesian_opt,10,1.0,-0.0717180778685071,0.1385986128616509,-0.2103166907301581
high_osc,0.0,bayesian_opt,11,1.0,-0.1105071997209992,-0.1192059063430075,0.0086987066220083
high_osc,0.0,bayesian_opt,12,0.975,0.1202391638646137,0.113601976818949,0.0066371870456647
high_osc,0.0,bayesian_opt,13,1.0,0.0551658236752862,-0.0978390046180472,0.1530048282933335
high_osc,0.0,bayesian_opt,14,1.0,-0.0476802800516976,-0.2382855789779927,0.190605298926295
high_osc,0.0,successive_halving,0,0.95,0.1098718347617332,0.1685390741836886,-0.0586672394219554
high_osc,0.0,successive_halving,1,0.5,0.1158504195256,0.1703930789561488,-0.0545426594305488
high_osc,0.0,successive_halving,2,0.825,0.0737988936660092,0.075099358473374,-0.0013004648073647
high_osc,0.0,successive_halving,3,1.0,-0.0075752161694915,0.0429600178007879,-0.0505352339702794
high_osc,0.0,successive_halving,4,0.6,0.1136934781974324,0.1246603188971245,-0.0109668406996921
high_osc,0.0,successive_halving,5,0.7,-0.0006254424660951,-0.1433633196864117,0.1427378772203165
high_osc,0.0,successive_halving,6,0.925,0.0346304570129111,0.1539257990528793,-0.1192953420399681
high_osc,0.0,successive_halving,7,1.0,0.0133157172793345,0.0440135927050511,-0.0306978754257165
high_osc,0.0,successive_halving,8,0.975,-0.0229218967034792,0.0077330397095973,-0.0306549364130765
high_osc,0.0,successive_halving,9,0.925,-0.0976462331089466,-0.1400798432437161,0.0424336101347695
high_osc,0.0,successive_halving,10,1.0,-0.1075294524538867,0.0687439866853657,-0.1762734391392525
high_osc,0.0,successive_halving,11,0.975,-0.068722692644229,-0.1492989930027729,0.0805763003585439
high_osc,0.0,successive_halving,12,0.925,0.0911012806059028,0.1130565815519912,-0.0219553009460884
high_osc,0.0,successive_halving,13,1.0,0.0640010967350288,0.0633708247299911,0.0006302720050377
high_osc,0.0,successive_halving,14,1.0,-0.048158139988461,-0.1914533702001635,0.1432952302117024
med_osc,1.0,random_search,0,0.625,0.0800175721242434,0.1909932040909395,-0.1109756319666961
med_osc,1.0,random_search,1,0.875,0.0809737581342604,0.1642695659830455,-0.0832958078487851
med_osc,1.0,random_search,2,0.925,0.0334857485434276,0.0378356062209217,-0.004349857677494
med_osc,1.0,random_search,3,0.925,0.0719454576446551,0.0115293221381876,0.0604161355064674
med_osc,1.0,random_search,4,0.4,0.0843440122414032,0.1182208936027838,-0.0338768813613806
med_osc,1.0,random_search,5,0.75,0.0585977373768739,-0.1157502481261095,0.1743479855029834
med_osc,1.0,random_search,6,0.625,0.1155974674520115,0.0710032223152076,0.0445942451368038
med_osc,1.0,random_search,7,0.975,0.0571960454868937,0.0215123804974231,0.0356836649894706
med_osc,1.0,random_search,8,0.775,0.0558342992658384,0.0273198829180695,0.0285144163477689
med_osc,1.0,random_search,9,0.925,0.0266634294299575,-0.1309878575609518,0.1576512869909094
med_osc,1.0,random_search,10,0.95,0.0537213990812301,0.0218798480731148,0.0318415510081153
med_osc,1.0,random_search,11,0.675,-0.0600919501740297,-0.1288826433932389,0.0687906932192091
med_osc,1.0,random_search,12,0.375,0.1277679667787852,0.1296860221958421,-0.0019180554170569
med_osc,1.0,random_search,13,0.925,0.0645541532707349,0.0682295745234369,-0.0036754212527019
med_osc,1.0,random_search,14,0.95,0.02725028604297,-0.1323019807922559,0.159552266835226
med_osc,1.0,bayesian_opt,0,0.75,0.1341560746488191,0.1602689493103567,-0.0261128746615375
med_osc,1.0,bayesian_opt,1,0.45,0.135147036470385,0.1724591817132943,-0.0373121452429092
med_osc,1.0,bayesian_opt,2,0.85,0.1086074177875602,0.100083963985372,0.0085234538021882
med_osc,1.0,bayesian_opt,3,0.95,0.0664144574559983,0.0326929271123189,0.0337215303436794
med_osc,1.0,bayesian_opt,4,0.6,0.1034866803028053,0.1175827131102287,-0.0140960328074233
med_osc,1.0,bayesian_opt,5,0.9,0.0436503408395987,-0.0640862575049387,0.1077365983445375
med_osc,1.0,bayesian_opt,6,0.825,0.0556514549594153,0.0717284164068555,-0.0160769614474401
med_osc,1.0,bayesian_opt,7,0.95,0.0643192943969962,0.0403452441666665,0.0239740502303297
med_osc,1.0,bayesian_opt,8,0.85,0.0869302987212015,0.0414042604785068,0.0455260382426946
med_osc,1.0,bayesian_opt,9,0.925,0.0551893482230924,-0.1481545689280857,0.2033439171511781
med_osc,1.0,bayesian_opt,10,1.0,0.0069715671742884,-0.0155361324273687,0.0225076996016572
med_osc,1.0,bayesian_opt,11,0.875,0.004941616559988149,-0.13221174286432125,0.1371533594243094
med_osc,1.0,bayesian_opt,12,0.725,0.09975186140361991,0.12617962015402018,-0.026427758750400265
med_osc,1.0,bayesian_opt,13,0.575,0.07124856599055596,0.04699288029805326,0.024255685692502693
med_osc,1.0,bayesian_opt,14,0.825,0.0699614716165714,-0.22441621060681471,0.2943776822233861
med_osc,1.0,successive_halving,0,0.4,0.21197362024714095,0.17786759260507867,0.034106027642062275
med_osc,1.0,successive_halving,1,0.275,0.030253224602833195,0.15982881251713632,-0.12957558791430313
med_osc,1.0,successive_halving,2,0.975,-0.04055886349822513,0.051557065717453554,-0.09211592921567868
med_osc,1.0,successive_halving,3,0.95,0.0294607354336609,-0.02804752892304818,0.05750826435670908
med_osc,1.0,successive_halving,4,0.225,0.027140608776206165,0.1141069073110047,-0.08696629853479854
med_osc,1.0,successive_halving,5,0.4,0.030393009614152255,-0.12825237171824677,0.15864538133239903
med_osc,1.0,successive_halving,6,0.6,0.023761290060800522,0.0723485002477906,-0.04858721018699008
med_osc,1.0,successive_halving,7,0.2,0.12568798229504385,0.011116365510624227,0.11457161678441963
med_osc,1.0,successive_halving,8,0.575,0.004433624805130765,0.03647115860524264,-0.03203753380011187
med_osc,1.0,successive_halving,9,0.8,-0.009515699998374871,-0.1253867518786771,0.11587105188030222
med_osc,1.0,successive_halving,10,0.95,-0.05048895163602363,-0.04544276429094252,-0.00504618734508111
med_osc,1.0,successive_halving,11,0.475,-0.06961306596528127,-0.13109051162077434,0.06147744565549307
med_osc,1.0,successive_halving,12,0.45,0.07836729458539682,0.15844349390877221,-0.0800761993233754
med_osc,1.0,successive_halving,13,0.975,-0.07141947018837436,0.07583776039299528,-0.14725723058136964
med_osc,1.0,successive_halving,14,0.75,-0.02508240357444791,-0.19773053471599933,0.17264813114155142
low_osc,3.0,random_search,0,0.425,0.02705423521317374,0.18455315555295815,-0.1574989203397844
low_osc,3.0,random_search,1,0.65,0.10342455770516257,0.1610290008377544,-0.05760444313259183
low_osc,3.0,random_search,2,0.925,-0.0029837711460826144,0.0486163436062268,-0.05160011475230941
low_osc,3.0,random_search,3,0.95,0.0377702108959429,-0.0399333279309807,0.0777035388269236
low_osc,3.0,random_search,4,0.35,0.049920274456465075,0.1208493910183358,-0.07092911656187073
low_osc,3.0,random_search,5,0.8,0.05131292008086574,-0.025266110038714706,0.07657903011958045
low_osc,3.0,random_search,6,0.7,0.050454696066828064,0.03737447919136927,0.013080216875458794
low_osc,3.0,random_search,7,0.7,0.041371432242424455,-0.02498947925133721,0.06636091149376167
low_osc,3.0,random_search,8,0.725,0.04230522946585713,0.04508397497098526,-0.002778745505128133
low_osc,3.0,random_search,9,0.725,0.0840488385820578,-0.14355589879651198,0.2276047373785698
low_osc,3.0,random_search,10,0.9,0.11795275668842464,-0.06872698382872766,0.1866797405171523
low_osc,3.0,random_search,11,0.375,-0.00212106868833839,-0.12457771476220947,0.12245664607387108
low_osc,3.0,random_search,12,0.35,0.0724681671274795,0.14311940712594873,-0.07065123999846923
low_osc,3.0,random_search,13,0.825,0.029802407406266163,0.07458159281245325,-0.04477918540618708
low_osc,3.0,random_search,14,0.625,0.025670514441602066,-0.09290163051054146,0.11857214495214352
low_osc,3.0,bayesian_opt,0,0.875,0.09245190458722397,0.19610281432672227,-0.10365090973949831
low_osc,3.0,bayesian_opt,1,0.725,0.03654271654922736,0.17372139923757435,-0.137178682688347
low_osc,3.0,bayesian_opt,2,0.775,0.04746574023780459,0.05694345854561844,-0.009477718307813854
low_osc,3.0,bayesian_opt,3,0.8,0.014339765218272404,-0.03850312791297883,0.052842893131251234
low_osc,3.0,bayesian_opt,4,0.625,0.053787365384199926,0.1070705965427895,-0.05328323115858957
low_osc,3.0,bayesian_opt,5,0.9,0.0025153982437498,-0.04276777934401421,0.04528317758776401
low_osc,3.0,bayesian_opt,6,0.9,0.062043430956805645,0.019777124345521813,0.04226630661128383
low_osc,3.0,bayesian_opt,7,0.975,0.024041975707744356,-0.0149385801421692,0.038980555849913556
low_osc,3.0,bayesian_opt,8,0.525,0.06534405473171767,0.03064949561102881,0.03469455912068886
low_osc,3.0,bayesian_opt,9,0.925,0.04806355213984248,-0.13766910560109646,0.18573265774093894
low_osc,3.0,bayesian_opt,10,1.0,-0.014075371930983516,-0.07102463544172433,0.05694926351074081
low_osc,3.0,bayesian_opt,11,0.1,-0.031899435640599716,-0.13567453958882647,0.10377510394822675
low_osc,3.0,bayesian_opt,12,0.25,0.10959760657334505,0.14655067651103482,-0.036953069937689764
low_osc,3.0,bayesian_opt,13,0.925,0.024178401415519857,0.07578288538560096,-0.051604483970081105
low_osc,3.0,bayesian_opt,14,1.0,0.004398974356994101,-0.09463147106081626,0.09903044541781036
low_osc,3.0,successive_halving,0,0.15,0.08552698628257072,0.1451948661131902,-0.0596678798306195
low_osc,3.0,successive_halving,1,1.0,-0.0007265947691810215,0.15075915939958584,-0.15148575416876686
low_osc,3.0,successive_halving,2,1.0,-0.05372725664821265,0.056448026083642855,-0.1101752827318555
low_osc,3.0,successive_halving,3,0.95,0.029492027058086068,-0.02533757473628062,0.05482960179436669
low_osc,3.0,successive_halving,4,0.6,-0.009668867500003286,0.12387408937818578,-0.13354295687818907
low_osc,3.0,successive_halving,5,0.7,-0.008156931187282335,-0.06938250069322849,0.061225569505946154
low_osc,3.0,successive_halving,6,0.625,-0.008006584922011006,0.026950426505217173,-0.03495701142722818
low_osc,3.0,successive_halving,7,0.6,0.03324146823735574,-0.015836625459644815,0.04907809369700056
low_osc,3.0,successive_halving,8,0.35,-0.0030904740136227238,0.015877491782416153,-0.018967965796038877
low_osc,3.0,successive_halving,9,0.25,0.032996306294681865,-0.10835276962446805,0.1413490759191499
low_osc,3.0,successive_halving,10,0.65,0.0013381865503832024,-0.07677924821192617,0.07811743476230937
low_osc,3.0,successive_halving,11,0.45,-0.030180244358749664,-0.1281152865262184,0.09793504216746873
low_osc,3.0,successive_halving,12,0.2,0.05384875005496592,0.14061074058960898,-0.08676199053464306
low_osc,3.0,successive_halving,13,0.025,0.017159886356426735,0.08248827834760741,-0.06532839199118068
low_osc,3.0,successive_halving,14,0.375,-0.0031119832474684195,-0.08439618848460417,0.08128420523713575
